[21Jan2025 05:08:30.114] [main/INFO] [cpw.mods.modlauncher.Launcher/MODLAUNCHER]: ModLauncher running: args [--launchTarget, forgeserver, --fml.forgeVersion, 47.3.0, --fml.mcVersion, 1.20.1, --fml.forgeGroup, net.minecraftforge, --fml.mcpVersion, 20230612.114412, nogui]
[21Jan2025 05:08:30.118] [main/INFO] [cpw.mods.modlauncher.Launcher/MODLAUNCHER]: ModLauncher 10.0.9+10.0.9+main.dcd20f30 starting: java version 17.0.13 by Ubuntu; OS Linux arch amd64 version 6.5.0-1025-azure
[21Jan2025 05:08:32.373] [main/INFO] [net.minecraftforge.fml.loading.ImmediateWindowHandler/]: ImmediateWindowProvider not loading because launch target is forgeserver
[21Jan2025 05:08:32.427] [main/INFO] [mixin/]: SpongePowered MIXIN Subsystem Version=0.8.5 Source=union:/workspaces/Server_Zombies/servidor_minecraft/libraries/org/spongepowered/mixin/0.8.5/mixin-0.8.5.jar%2365!/ Service=ModLauncher Env=SERVER
[21Jan2025 05:08:33.004] [main/WARN] [net.minecraftforge.fml.loading.moddiscovery.ModFileParser/LOADING]: Mod file /workspaces/Server_Zombies/servidor_minecraft/libraries/net/minecraftforge/fmlcore/1.20.1-47.3.0/fmlcore-1.20.1-47.3.0.jar is missing mods.toml file
[21Jan2025 05:08:33.005] [main/WARN] [net.minecraftforge.fml.loading.moddiscovery.ModFileParser/LOADING]: Mod file /workspaces/Server_Zombies/servidor_minecraft/libraries/net/minecraftforge/javafmllanguage/1.20.1-47.3.0/javafmllanguage-1.20.1-47.3.0.jar is missing mods.toml file
[21Jan2025 05:08:33.006] [main/WARN] [net.minecraftforge.fml.loading.moddiscovery.ModFileParser/LOADING]: Mod file /workspaces/Server_Zombies/servidor_minecraft/libraries/net/minecraftforge/lowcodelanguage/1.20.1-47.3.0/lowcodelanguage-1.20.1-47.3.0.jar is missing mods.toml file
[21Jan2025 05:08:33.007] [main/WARN] [net.minecraftforge.fml.loading.moddiscovery.ModFileParser/LOADING]: Mod file /workspaces/Server_Zombies/servidor_minecraft/libraries/net/minecraftforge/mclanguage/1.20.1-47.3.0/mclanguage-1.20.1-47.3.0.jar is missing mods.toml file
[21Jan2025 05:08:33.936] [main/WARN] [net.minecraftforge.jarjar.selection.JarSelector/]: Attempted to select two dependency jars from JarJar which have the same identification: Mod File:  and Mod File: . Using Mod File: 
[21Jan2025 05:08:33.937] [main/WARN] [net.minecraftforge.jarjar.selection.JarSelector/]: Attempted to select two dependency jars from JarJar which have the same identification: Mod File:  and Mod File: . Using Mod File: 
[21Jan2025 05:08:33.938] [main/INFO] [net.minecraftforge.fml.loading.moddiscovery.JarInJarDependencyLocator/]: Found 42 dependencies adding them to mods collection
[21Jan2025 05:08:34.390] [main/INFO] [org.groovymc.gml.mappings.MappingsProvider/]: Starting runtime mappings setup...
[21Jan2025 05:08:34.417] [main/INFO] [org.groovymc.gml.internal.locator.ModLocatorInjector/]: Injecting ScriptModLocator candidates...
[21Jan2025 05:08:34.429] [main/INFO] [org.groovymc.gml.scriptmods.ScriptModLocator/]: Injected Jimfs file system
[21Jan2025 05:08:34.439] [main/INFO] [org.groovymc.gml.scriptmods.ScriptModLocator/]: Skipped loading script mods from directory /workspaces/Server_Zombies/servidor_minecraft/mods/scripts as it did not exist.
[21Jan2025 05:08:34.446] [main/INFO] [org.groovymc.gml.internal.locator.ModLocatorInjector/]: Injected ScriptModLocator mod candidates. Found 0 valid mod candidates and 0 broken mod files.
[21Jan2025 05:08:37.635] [GML Mappings Thread/INFO] [org.groovymc.gml.mappings.MappingsProvider/]: Loaded runtime mappings in 2971ms
[21Jan2025 05:08:37.637] [GML Mappings Thread/INFO] [org.groovymc.gml.mappings.MappingsProvider/]: Finished runtime mappings setup.
[21Jan2025 05:08:39.560] [main/INFO] [mixin/]: Compatibility level set to JAVA_17
[21Jan2025 05:08:39.620] [main/ERROR] [mixin/]: Mixin config gamemenuremovegfarb-common.mixins.json does not specify "minVersion" property
[21Jan2025 05:08:39.668] [main/ERROR] [mixin/]: Mixin config bbb.mixins.json does not specify "minVersion" property
[21Jan2025 05:08:39.710] [main/ERROR] [mixin/]: Mixin config forge-combatlog-common.mixins.json does not specify "minVersion" property
[21Jan2025 05:08:39.713] [main/ERROR] [mixin/]: Mixin config forge-combatlog.mixins.json does not specify "minVersion" property
[21Jan2025 05:08:39.814] [main/ERROR] [mixin/]: Mixin config scaling_mobs.mixin.json does not specify "minVersion" property
[21Jan2025 05:08:40.154] [main/INFO] [mixin/]: Successfully loaded Mixin Connector [com.sonicether.soundphysics.MixinConnector]
[21Jan2025 05:08:40.157] [main/INFO] [cpw.mods.modlauncher.LaunchServiceHandler/MODLAUNCHER]: Launching target 'forgeserver' with arguments [nogui]
[21Jan2025 05:08:40.180] [main/WARN] [mixin/]: Reference map 'createdeco-forge-refmap.json' for createdeco.mixins.json could not be read. If this is a development environment you can ignore this message
[21Jan2025 05:08:40.327] [main/WARN] [mixin/]: Reference map 'combatlog-forge-refmap.json' for forge-combatlog.mixins.json could not be read. If this is a development environment you can ignore this message
[21Jan2025 05:08:40.339] [main/INFO] [Embeddium/]: Loaded configuration file for Embeddium: 220 options available, 0 override(s) found
[21Jan2025 05:08:40.371] [main/WARN] [mixin/]: Reference map 'handcrafted-forge-1.20.1-forge-refmap.json' for handcrafted.mixins.json could not be read. If this is a development environment you can ignore this message
[21Jan2025 05:08:40.617] [main/WARN] [mixin/]: Reference map 'fastpaintings-forge-refmap.json' for fastpaintings-forge.mixins.json could not be read. If this is a development environment you can ignore this message
[21Jan2025 05:08:40.671] [main/WARN] [mixin/]: Reference map 'coroutil.refmap.json' for coroutil.mixins.json could not be read. If this is a development environment you can ignore this message
[21Jan2025 05:08:40.773] [main/INFO] [Puzzles Lib/]: Loading 175 mods:
	- accessdenied 4.0.1
	- ageingspawners 2.0.0
	- alexsmobs 1.22.9
	- almanac 1.0.2
	- ambientenvironment 11.0.0.1
	- ambientsounds 6.1.3
	- arboria 1.2.2
	- architectury 9.2.14
	- athena 3.1.2
	- atlaslib 1.1.12
	- attributeslib 1.3.7
	- automobility 0.4.2+1.20.1-forge
	- badmobs 19.0.4
	- bbb 1.20.1-1.0.1
	- better_mob_food 1.0.0
	- better_zombie_drops 1.0.0
	- betterdungeons 1.20-Forge-4.0.4
	- betterfpsdist 1.20.1-6.0
	- bettermineshafts 1.20-Forge-4.0.4
	- bookshelf 20.2.13
	- carryon 2.1.2.7
	- charmofundying 6.5.0+1.20.1
		\-- spectrelib 0.13.15+1.20.1
	- citadel 2.6.0
	- cleanswing 1.20-1.5
	- cloth_config 11.1.136
	- cofh_core 11.0.2
	- collective 7.87
	- combatlog 2.0
	- combatroll 1.3.3+1.20.1
	- comforts 6.4.0+1.20.1
	- commongroovylibrary 0.3.3
	- configurableextramobdrops 3.4
	- copycats 2.1.4+mc.1.20.1-forge
	- corgilib 4.0.3.2
	- coroutil 1.20.1-1.3.7
	- corpse 1.20.1-1.0.17
	- crafttweaker 14.0.44
	- create 0.5.1.j
		\-- flywheel 0.6.11-13
	- create_netherless 1.3.0
	- createdeco 2.0.2-1.20.1-forge
	- createtweaker 4.0.13
	- creativecore 2.12.22
	- cupboard 1.20.1-2.7
	- cure 1.0.0
	- curios 5.11.0+1.20.1
	- cw_additions 1.1.6
	- decorative_blocks 4.1.3
	- drippyloadingscreen 3.0.9
	- dummmmmmy 1.20-2.0.2
	- dynamiclights 1.8.4+mod
	- eatinganimation 5.1.0
	- ecologics 2.2.0
	- embeddium 0.3.31+mc1.20.1
		\-- rubidium 0.7.1
	- enhancedcelestials 1.20.1-5.0.1.0
	- enhancedvisuals 1.8.1
	- entityculling 1.7.1
	- experimentalsettingsdisabler 3.0
	- extragore 5.2.3.1
	- fallingtrees 0.12.7
	- fancymenu 3.3.2
	- farmersdelight 1.20.1-1.2.5
	- fastpaintings 1.20-1.2.7
	- ferritecore 6.0.1
	- firstjoinmessage 3.6
	- flan 1.20.1-1.10.8
	- forge 47.3.0
	- forgivingworld 1.20.1-4.7
	- framework 0.7.12
	- ftblibrary 2001.2.6
	- ftbteams 2001.3.0
	- gamemenuremovegfarb 2.1.2
	- geckolib 4.4.9
	- glitchcore 0.0.1.1
	- gml 4.0.9
	- golemsarefriends 1.20.0-1.0.1
	- handcrafted 3.0.6
	- horde_hoard 1.1.0
	- hordes 1.5.4
	- immersive_aircraft 1.1.5+1.20.1
	- immersive_weathering 1.20.1-2.0.3
	- incontrol 1.20-9.2.11
	- insanelib 1.15.0
	- itemblacklist 1.20.1-1.0.0f
	- jeffs_cursed_walking_structures 1.0.3
	- jeffsgibbing 1.0.0
	- jei 15.20.0.105
	- jeresources 1.4.0.247
	- justzoom 2.0.0
	- k_turrets 3.0.34-1.20.1
	- keerdm_zombie_essentials 1.4
	- konkrete 1.8.0
	- kotlinforforge 4.11.0
	- kubejs 2001.6.5-build.16
	- letmedespawn 1.4.4
	- lios_overhauled_villages 1.18.2-1.21-v0.0.5
	- lootr 0.7.34.87
	- lostcities 1.20-7.3.5
	- map_atlases 1.20-6.0.9
	- marbledsarsenal 1.20.1-2.3.0
	- marbledsmelees 1.20.1-1.0.0
	- mcore 1.20.1-1.0.2
	- melody 1.0.2
	- mighty_mail 1.1.2
	- minecraft 1.20.1
	- money 1.0.0
	- moonlight 1.20-2.13.32
	- mousetweaks 2.25.1
	- mutantmonsters 8.0.7
	- myserveriscompatible 1.0
	- nerb 0.4.1
	- no_ruined_nether_portals 1.0.0
	- nobz 1.0
	- noisium 2.3.0+mc1.20-1.20.1
	- nostartupmessages 1.0.1
	- notenoughanimations 1.8.1
	- octolib 0.4.2
	- openloader 19.0.4
	- overworld_netherite_ore 1.0
	- packetfixer 1.4.2
	- pandalib 0.4.2
	- patchouli 1.20.1-84-FORGE
	- philipsruins 4.6
	- pillagers_gun 2.0.0
	- placebo 8.6.2
	- playeranimator 1.0.2-rc1+1.20
	- pointblank 1.7.6
	- polymorph 0.49.5+1.20.1
	- projectvibrantjourneys 1.20.1-6.0.4
	- propertymodifier 0.3.3
	- psg 4.01
	- puzzleslib 8.1.25
		\-- puzzlesaccessapi 8.0.7
	- railways 1.6.7+forge-mc1.20.1
	- refurbished_furniture 1.0.8
	- regrowth 46.31.2
	- resourcefullib 2.1.29
	- responsiveshields 2.3
	- rhino 2001.2.3-build.6
	- rightclickharvest 3.2.3+1.20.1-forge
	- satako 7.0.16-1.20.1
	- scalingmobs 2.2.1
	- searchables 1.0.3
	- securitycraft 1.9.11
	- sereneseasons 9.1.0.0
	- simpleshops 1.2.2
	- sit 1.3.5
	- sliceanddice 3.3.0
	- smoothboot 0.0.4
	- solonion 1.4.5
	- sophisticatedbackpacks 3.20.17.1150
	- sophisticatedcore 0.7.11.799
	- sound_physics_remastered 1.20.1-1.4.5
	- starterkit 7.1
	- strayed_fates_forsaken 1.1.3.2
	- structure_gel 2.16.2
	- table_top_craft 1.20.1-6.1.2
	- tacz 1.0.3
		\-- mixinextras 0.3.6
	- tenshilib 1.20.1-1.7.6
	- the_deep_void 1.28
	- toastcontrol 8.0.3
	- toolbelt 1.20.02
	- totem_fragments 1.0.0
	- unilib 1.0.3
	- uteamcore 5.1.4.326
	- voicechat 1.20.1-2.5.26
	- walkietalkie 1.3.0
	- warrior 1.20.1-2
	- watut 1.20.1-1.1.3
	- wegotrunnners 1.0.0
	- xray_snitch 1.1
	- yungsapi 1.20-Forge-4.0.6
	- zombieawareness 1.20.1-1.13.1
[21Jan2025 05:08:40.820] [main/WARN] [mixin/]: Reference map 'packetfixer-forge-forge-refmap.json' for packetfixer-forge.mixins.json could not be read. If this is a development environment you can ignore this message
[21Jan2025 05:08:41.439] [main/INFO] [net.minecraftforge.coremod.CoreMod.placebo/COREMODLOG]: Patching IForgeItemStack#getEnchantmentLevel
[21Jan2025 05:08:41.459] [main/INFO] [net.minecraftforge.coremod.CoreMod.placebo/COREMODLOG]: Patching IForgeItemStack#getEnchantmentLevel
[21Jan2025 05:08:42.350] [main/WARN] [mixin/]: Error loading class: com/firemerald/additionalplacements/common/ConfigCommon (java.lang.ClassNotFoundException: com.firemerald.additionalplacements.common.ConfigCommon)
[21Jan2025 05:08:42.354] [main/WARN] [mixin/]: Error loading class: com/firemerald/additionalplacements/block/AdditionalPlacementBlock (java.lang.ClassNotFoundException: com.firemerald.additionalplacements.block.AdditionalPlacementBlock)
[21Jan2025 05:08:42.354] [main/WARN] [mixin/]: @Mixin target com.firemerald.additionalplacements.block.AdditionalPlacementBlock was not found copycats-common.mixins.json:compat.additionalplacements.PlacementBlockMixin
[21Jan2025 05:08:42.374] [main/WARN] [mixin/]: Error loading class: me/jellysquid/mods/lithium/common/ai/pathing/PathNodeDefaults (java.lang.ClassNotFoundException: me.jellysquid.mods.lithium.common.ai.pathing.PathNodeDefaults)
[21Jan2025 05:08:42.450] [main/WARN] [mixin/]: Error loading class: cjminecraft/doubleslabs/common/config/DSConfig$Common (java.lang.ClassNotFoundException: cjminecraft.doubleslabs.common.config.DSConfig$Common)
[21Jan2025 05:08:42.723] [main/ERROR] [net.minecraftforge.fml.loading.RuntimeDistCleaner/DISTXFORM]: Attempted to load class net/minecraft/client/multiplayer/MultiPlayerGameMode for invalid dist DEDICATED_SERVER
[21Jan2025 05:08:42.724] [main/WARN] [mixin/]: Error loading class: net/minecraft/client/multiplayer/MultiPlayerGameMode (java.lang.RuntimeException: Attempted to load class net/minecraft/client/multiplayer/MultiPlayerGameMode for invalid dist DEDICATED_SERVER)
[21Jan2025 05:08:42.725] [main/WARN] [mixin/]: @Mixin target net.minecraft.client.multiplayer.MultiPlayerGameMode was not found mixins.cofhcore.json:MultiPlayerGameModeMixin
[21Jan2025 05:08:43.715] [main/WARN] [mixin/]: Error loading class: com/firemerald/additionalplacements/block/AdditionalPlacementBlock (java.lang.ClassNotFoundException: com.firemerald.additionalplacements.block.AdditionalPlacementBlock)
[21Jan2025 05:08:43.718] [main/WARN] [mixin/]: Error loading class: com/firemerald/additionalplacements/block/AdditionalPlacementBlock (java.lang.ClassNotFoundException: com.firemerald.additionalplacements.block.AdditionalPlacementBlock)
[21Jan2025 05:08:43.911] [main/INFO] [MixinExtras|Service/]: Initializing MixinExtras via com.llamalad7.mixinextras.service.MixinExtrasServiceImpl(version=0.3.6).
[21Jan2025 05:08:44.343] [main/INFO] [Smooth Boot (Reloaded)/]: Smooth Boot (Reloaded) config initialized
[21Jan2025 05:08:44.945] [main/INFO] [net.minecraftforge.coremod.CoreMod.placebo/COREMODLOG]: Patching IForgeItemStack#getEnchantmentLevel
[21Jan2025 05:08:44.948] [main/INFO] [net.minecraftforge.coremod.CoreMod.placebo/COREMODLOG]: Patching IForgeItemStack#getEnchantmentLevel
[21Jan2025 05:08:46.650] [main/WARN] [mixin/]: Error loading class: com/firemerald/additionalplacements/block/AdditionalPlacementBlock (java.lang.ClassNotFoundException: com.firemerald.additionalplacements.block.AdditionalPlacementBlock)
[21Jan2025 05:08:46.692] [main/WARN] [mixin/]: Error loading class: com/firemerald/additionalplacements/block/AdditionalPlacementBlock (java.lang.ClassNotFoundException: com.firemerald.additionalplacements.block.AdditionalPlacementBlock)
[21Jan2025 05:08:46.934] [main/WARN] [mixin/]: Error loading class: com/firemerald/additionalplacements/block/AdditionalPlacementBlock (java.lang.ClassNotFoundException: com.firemerald.additionalplacements.block.AdditionalPlacementBlock)
[21Jan2025 05:08:46.953] [main/WARN] [mixin/]: Error loading class: com/firemerald/additionalplacements/block/AdditionalPlacementBlock (java.lang.ClassNotFoundException: com.firemerald.additionalplacements.block.AdditionalPlacementBlock)
[21Jan2025 05:08:46.970] [main/WARN] [mixin/]: Error loading class: com/firemerald/additionalplacements/block/AdditionalPlacementBlock (java.lang.ClassNotFoundException: com.firemerald.additionalplacements.block.AdditionalPlacementBlock)
[21Jan2025 05:08:47.957] [main/WARN] [mixin/]: @Redirect conflict. Skipping securitycraft.mixins.json:camera.ServerPlayerMixin->@Redirect::securitycraft$tick(Lnet/minecraft/server/level/ServerPlayer;DDDFF)V with priority 1100, already redirected by railways-common.mixins.json:conductor_possession.ServerPlayerMixin->@Redirect::railways$securitycraft$tick(Lnet/minecraft/server/level/ServerPlayer;DDDFF)V with priority 1200
[21Jan2025 05:08:48.169] [main/INFO] [net.minecraftforge.coremod.CoreMod.placebo/COREMODLOG]: Patching IForgeItemStack#getEnchantmentLevel
[21Jan2025 05:08:48.170] [main/INFO] [net.minecraftforge.coremod.CoreMod.placebo/COREMODLOG]: Patching IForgeItemStack#getEnchantmentLevel
[21Jan2025 05:08:50.220] [main/WARN] [mixin/]: @Inject(@At("INVOKE_ASSIGN")) Shift.BY=2 on refurbished_furniture.common.mixins.json:LevelChunkMixin::handler$zll000$refurbishedFurniture$AfterRemoveBlockEntity exceeds the maximum allowed value: 0. Increase the value of maxShiftBy to suppress this warning.
[21Jan2025 05:08:51.785] [main/INFO] [org.groovymc.gml.internal.ModExtensionLoader/]: Skipping extension class org.groovymc.cgl.api.extension.client.MinecraftExtensions: it requires dist CLIENT, but we're running on DEDICATED_SERVER
[21Jan2025 05:08:52.317] [modloading-worker-0/INFO] [dynamiclights/]: [Dynamic Lights] Registering server started event...
[21Jan2025 05:08:52.334] [modloading-worker-0/INFO] [satako/]: Satako loaded
[21Jan2025 05:08:52.375] [modloading-worker-0/INFO] [Create Deco/]: Registering items for Create Deco
[21Jan2025 05:08:52.384] [modloading-worker-0/INFO] [insane96mcp.insanelib.InsaneLib/]: Found (COMMON) InsaneLib Feature class insane96mcp.insanelib.module.base.TagsFeature
[21Jan2025 05:08:52.421] [modloading-worker-0/INFO] [insane96mcp.insanelib.InsaneLib/]: Found (COMMON) InsaneLib Feature class insane96mcp.insanelib.module.base.FixFeature
[21Jan2025 05:08:52.437] [modloading-worker-0/INFO] [insane96mcp.insanelib.InsaneLib/]: Found (COMMON) InsaneLib Feature class insane96mcp.insanelib.module.base.BaseFeature
[21Jan2025 05:08:52.438] [modloading-worker-0/INFO] [insane96mcp.insanelib.InsaneLib/]: Found (COMMON) InsaneLib Feature class insane96mcp.insanelib.module.base.AEC3DFeature
[21Jan2025 05:08:52.678] [modloading-worker-0/INFO] [coroutil/]: forge loader environment detected
[21Jan2025 05:08:52.715] [modloading-worker-0/INFO] [Create Deco/]: Registering blocks for Create Deco
[21Jan2025 05:08:53.346] [modloading-worker-0/INFO] [Bookshelf/]: Fixing MC-151457. Crafting remainder for minecraft:pufferfish_bucket is now minecraft:bucket.
[21Jan2025 05:08:53.346] [modloading-worker-0/INFO] [Bookshelf/]: Fixing MC-151457. Crafting remainder for minecraft:salmon_bucket is now minecraft:bucket.
[21Jan2025 05:08:53.346] [modloading-worker-0/INFO] [Bookshelf/]: Fixing MC-151457. Crafting remainder for minecraft:cod_bucket is now minecraft:bucket.
[21Jan2025 05:08:53.346] [modloading-worker-0/INFO] [Bookshelf/]: Fixing MC-151457. Crafting remainder for minecraft:tropical_fish_bucket is now minecraft:bucket.
[21Jan2025 05:08:53.346] [modloading-worker-0/INFO] [Bookshelf/]: Fixing MC-151457. Crafting remainder for minecraft:axolotl_bucket is now minecraft:bucket.
[21Jan2025 05:08:53.347] [modloading-worker-0/INFO] [Bookshelf/]: Fixing MC-151457. Crafting remainder for minecraft:powder_snow_bucket is now minecraft:bucket.
[21Jan2025 05:08:53.347] [modloading-worker-0/INFO] [Bookshelf/]: Fixing MC-151457. Crafting remainder for minecraft:tadpole_bucket is now minecraft:bucket.
[21Jan2025 05:08:53.468] [modloading-worker-0/INFO] [hordes/]: Trying to load common config
[21Jan2025 05:08:53.479] [modloading-worker-0/INFO] [hordes/]: Trying to load client config
[21Jan2025 05:08:53.504] [modloading-worker-0/INFO] [hordes/]: Config files are up to date, skipping data/asset generation
[21Jan2025 05:08:53.509] [modloading-worker-0/INFO] [info.u_team.u_team_core.util.verify.JarSignVerifier/]: Mod uteamcore is signed with a valid certificate.
[21Jan2025 05:08:53.766] [modloading-worker-0/INFO] [de.keksuccino.melody.Melody/]: [MELODY] Disabling Melody since it's loaded server-side.
[21Jan2025 05:08:53.820] [modloading-worker-0/INFO] [de.keksuccino.konkrete.Konkrete/]: [KONKRETE] Successfully initialized!
[21Jan2025 05:08:53.820] [modloading-worker-0/INFO] [de.keksuccino.konkrete.Konkrete/]: [KONKRETE] Server-side libs ready to use!
[21Jan2025 05:08:54.099] [modloading-worker-0/INFO] [gml/]: Initialised GML mod. Version: 4.0.9
[21Jan2025 05:08:54.383] [modloading-worker-0/INFO] [Collective/]: Loading Collective version 7.87.
[21Jan2025 05:08:54.458] [modloading-worker-0/INFO] [noisium/]: Loading Noisium.
[21Jan2025 05:08:54.486] [modloading-worker-0/INFO] [pointblank/]: Loading mod pointblank
[21Jan2025 05:08:54.629] [modloading-worker-0/INFO] [dev.architectury.networking.forge.NetworkManagerImpl/]: Registering C2S receiver with id architectury:sync_ids
[21Jan2025 05:08:54.630] [modloading-worker-0/INFO] [dev.architectury.networking.forge.NetworkManagerImpl/]: Registering C2S receiver with id pandalib:config_sync
[21Jan2025 05:08:54.666] [modloading-worker-0/INFO] [com.cupboard.Cupboard/]: Loaded config for: cupboard.json
[21Jan2025 05:08:54.712] [modloading-worker-0/INFO] [unilib/]: Disabling UniLib, as it is client side only.
[21Jan2025 05:08:54.772] [modloading-worker-0/INFO] [fallingtrees | Config/]: Successfully loaded config 'fallingtrees_common'
[21Jan2025 05:08:54.790] [modloading-worker-0/INFO] [fallingtrees | Config/]: Successfully saved config 'fallingtrees_common'
[21Jan2025 05:08:54.870] [modloading-worker-0/INFO] [dev.architectury.networking.forge.NetworkManagerImpl/]: Registering C2S receiver with id ftblibrary:edit_nbt_response
[21Jan2025 05:08:54.898] [modloading-worker-0/INFO] [dev.architectury.networking.forge.NetworkManagerImpl/]: Registering C2S receiver with id ftbteams:open_gui
[21Jan2025 05:08:54.920] [modloading-worker-0/INFO] [dev.architectury.networking.forge.NetworkManagerImpl/]: Registering C2S receiver with id ftbteams:update_settings
[21Jan2025 05:08:54.922] [modloading-worker-0/INFO] [dev.architectury.networking.forge.NetworkManagerImpl/]: Registering C2S receiver with id ftbteams:send_message
[21Jan2025 05:08:54.924] [modloading-worker-0/INFO] [dev.architectury.networking.forge.NetworkManagerImpl/]: Registering C2S receiver with id ftbteams:create_party
[21Jan2025 05:08:54.925] [modloading-worker-0/INFO] [dev.architectury.networking.forge.NetworkManagerImpl/]: Registering C2S receiver with id ftbteams:player_gui_operation
[21Jan2025 05:08:54.949] [modloading-worker-0/INFO] [Puzzles Lib/]: Constructing common components for mutantmonsters:main
[21Jan2025 05:08:55.078] [modloading-worker-0/INFO] [KubeJS/]: Loaded common.properties
[21Jan2025 05:08:55.083] [modloading-worker-0/INFO] [KubeJS/]: Loaded dev.properties
[21Jan2025 05:08:55.098] [modloading-worker-0/INFO] [KubeJS/]: Looking for KubeJS plugins...
[21Jan2025 05:08:55.103] [modloading-worker-0/INFO] [KubeJS/]: Found plugin source kubejs
[21Jan2025 05:08:55.126] [modloading-worker-0/WARN] [KubeJS/]: Plugin dev.latvian.mods.kubejs.forge.BuiltinKubeJSForgeClientPlugin does not load on server side, skipping
[21Jan2025 05:08:55.127] [modloading-worker-0/WARN] [KubeJS/]: Plugin dev.latvian.mods.kubejs.integration.forge.gamestages.GameStagesIntegration does not have required mod gamestages loaded, skipping
[21Jan2025 05:08:55.132] [modloading-worker-0/INFO] [KubeJS/]: Done in 33.56 ms
[21Jan2025 05:08:55.507] [modloading-worker-0/INFO] [Rhino Script Remapper/]: Loading Rhino Minecraft remapper...
[21Jan2025 05:08:55.509] [modloading-worker-0/INFO] [dev.latvian.mods.rhino.mod.util.RhinoProperties/]: Rhino properties loaded.
[21Jan2025 05:08:55.514] [modloading-worker-0/INFO] [Rhino Script Remapper/]: Loading mappings for 1.20.1
[21Jan2025 05:08:55.704] [modloading-worker-0/INFO] [Rhino Script Remapper/]: Done in 0.179 s
[21Jan2025 05:08:55.951] [modloading-worker-0/ERROR] [toastcontrol/]: Running on a dedicated server, disabling mod.
[21Jan2025 05:08:56.121] [modloading-worker-0/INFO] [net.minecraftforge.common.ForgeMod/FORGEMOD]: Forge mod loading, version 47.3.0, for MC 1.20.1 with MCP 20230612.114412
[21Jan2025 05:08:56.121] [modloading-worker-0/INFO] [net.minecraftforge.common.MinecraftForge/FORGE]: MinecraftForge v47.3.0 Initialized
[21Jan2025 05:08:56.162] [modloading-worker-0/INFO] [de.keksuccino.drippyloadingscreen.DrippyLoadingScreen/]: [DRIPPY LOADING SCREEN] Loading v3.0.9 in server-side mode on FORGE!
[21Jan2025 05:08:56.609] [modloading-worker-0/INFO] [KubeJS Startup/]: Loaded script startup_scripts:matt's_stims_startup.js in 0.172 s
[21Jan2025 05:08:56.619] [modloading-worker-0/INFO] [KubeJS Startup/]: Loaded script startup_scripts:cwstartuptweaks.js in 0.004 s
[21Jan2025 05:08:56.620] [modloading-worker-0/INFO] [KubeJS Startup/]: Loaded script startup_scripts:disabledOres.js in 0.001 s
[21Jan2025 05:08:56.624] [modloading-worker-0/INFO] [KubeJS Startup/]: Loaded 3/3 KubeJS startup scripts in 0.916 s with 0 errors and 0 warnings
[21Jan2025 05:08:56.721] [modloading-worker-0/INFO] [Railways/]: Steam 'n' Rails v1.6.7 initializing! Commit hash: 0a7cc000d6c7a1419919bc3e315bc62932287eb9 on Create version: 0.5.1j on platform: Forge
[21Jan2025 05:08:56.807] [modloading-worker-0/INFO] [dev.architectury.networking.forge.NetworkManagerImpl/]: Registering C2S receiver with id kubejs:send_data_from_client
[21Jan2025 05:08:56.818] [modloading-worker-0/INFO] [dev.architectury.networking.forge.NetworkManagerImpl/]: Registering C2S receiver with id kubejs:first_click
[21Jan2025 05:08:57.133] [modloading-worker-0/INFO] [dev.architectury.networking.forge.NetworkManagerImpl/]: Registering C2S receiver with id walkietalkie:updatewalkietalkie_c2s
[21Jan2025 05:08:57.135] [modloading-worker-0/INFO] [dev.architectury.networking.forge.NetworkManagerImpl/]: Registering C2S receiver with id walkietalkie:updatespeaker_c2s
[21Jan2025 05:08:57.142] [modloading-worker-0/INFO] [dev.architectury.networking.forge.NetworkManagerImpl/]: Registering C2S receiver with id walkietalkie:activatekeypressed_c2s
[21Jan2025 05:08:57.880] [modloading-worker-0/INFO] [thedarkcolour.kotlinforforge.test.KotlinForForge/]: Kotlin For Forge Enabled!
[21Jan2025 05:08:58.468] [modloading-worker-0/INFO] [Railways/]: Registered bogey styles from railways
[21Jan2025 05:08:58.726] [modloading-worker-0/INFO] [de.keksuccino.fancymenu.FancyMenu/]: [FANCYMENU] Loading v3.3.2 in server-side mode on FORGE!
[21Jan2025 05:08:58.907] [modloading-worker-0/INFO] [Railways/]: Registering data fixers
[21Jan2025 05:08:58.920] [modloading-worker-0/INFO] [com.mojang.datafixers.DataFixerBuilder/]: 0 Datafixer optimizations took 0 milliseconds
[21Jan2025 05:08:58.932] [modloading-worker-0/INFO] [Railways/]: Registering tracks for Hex Casting
[21Jan2025 05:08:58.933] [modloading-worker-0/INFO] [Railways/]: Registering tracks for Oh The Biomes You'll Go
[21Jan2025 05:08:58.935] [modloading-worker-0/INFO] [Railways/]: Registering tracks for Blue Skies
[21Jan2025 05:08:58.936] [modloading-worker-0/INFO] [Railways/]: Registering tracks for Twilight Forest
[21Jan2025 05:08:58.937] [modloading-worker-0/INFO] [Railways/]: Registering tracks for Biomes O' Plenty
[21Jan2025 05:08:58.940] [modloading-worker-0/INFO] [Railways/]: Registering tracks for Nature's Spirit
[21Jan2025 05:08:58.941] [modloading-worker-0/INFO] [Railways/]: Registering tracks for Dreams and Desires
[21Jan2025 05:08:58.942] [modloading-worker-0/INFO] [Railways/]: Registering tracks for Quark
[21Jan2025 05:08:58.942] [modloading-worker-0/INFO] [Railways/]: Registering tracks for TerraFirmaCraft
[21Jan2025 05:08:58.977] [modloading-worker-0/INFO] [Puzzles Lib/]: Constructing common components for puzzleslib:main
[21Jan2025 05:08:58.998] [modloading-worker-0/WARN] [de.keksuccino.justzoom.JustZoom/]: [JUST ZOOM] Disabling 'Just Zoom' since it's a client-side mod and current environment is server!
[21Jan2025 05:08:59.036] [modloading-worker-0/INFO] [dev.tonimatas.packetfixer.PacketFixer/]: Packet Fixer has been initialized successfully
[21Jan2025 05:09:01.580] [main/INFO] [Moonlight/]: Initialized block sets in 22ms
[21Jan2025 05:09:01.651] [main/INFO] [Create Deco/]: placard tooltip was null
[21Jan2025 05:09:01.652] [main/INFO] [Create Deco/]: placard tooltip was null
[21Jan2025 05:09:01.652] [main/INFO] [Create Deco/]: placard tooltip was null
[21Jan2025 05:09:01.652] [main/INFO] [Create Deco/]: placard tooltip was null
[21Jan2025 05:09:01.652] [main/INFO] [Create Deco/]: placard tooltip was null
[21Jan2025 05:09:01.652] [main/INFO] [Create Deco/]: placard tooltip was null
[21Jan2025 05:09:01.652] [main/INFO] [Create Deco/]: placard tooltip was null
[21Jan2025 05:09:01.652] [main/INFO] [Create Deco/]: placard tooltip was null
[21Jan2025 05:09:01.652] [main/INFO] [Create Deco/]: placard tooltip was null
[21Jan2025 05:09:01.652] [main/INFO] [Create Deco/]: placard tooltip was null
[21Jan2025 05:09:01.652] [main/INFO] [Create Deco/]: placard tooltip was null
[21Jan2025 05:09:01.653] [main/INFO] [Create Deco/]: placard tooltip was null
[21Jan2025 05:09:01.653] [main/INFO] [Create Deco/]: placard tooltip was null
[21Jan2025 05:09:01.653] [main/INFO] [Create Deco/]: placard tooltip was null
[21Jan2025 05:09:01.653] [main/INFO] [Create Deco/]: placard tooltip was null
[21Jan2025 05:09:02.805] [main/INFO] [ModdingLegacy/StructureGel/]: [structure_gel] Registering data for structure_gel:loot_table_alias
[21Jan2025 05:09:02.816] [main/INFO] [ModdingLegacy/StructureGel/]: [structure_gel] Registering data for structure_gel:data_handler_type
[21Jan2025 05:09:02.819] [main/INFO] [ModdingLegacy/StructureGel/]: [structure_gel] Registering data for structure_gel:dynamic_spawner
[21Jan2025 05:09:02.822] [main/INFO] [ModdingLegacy/StructureGel/]: [structure_gel] Registering data for structure_gel:jigsaw_type
[21Jan2025 05:09:03.132] [main/INFO] [Puzzles Lib/]: Loading common config for mutantmonsters
[21Jan2025 05:09:03.155] [modloading-worker-0/INFO] [dynamiclights/]: [Dynamic Lights] Loaded Dynamic Lights by Tschipcraft successfully!
[21Jan2025 05:09:03.161] [modloading-worker-0/INFO] [incontrol/]: Enabling support for Lost Cities
[21Jan2025 05:09:03.161] [modloading-worker-0/INFO] [incontrol/]: Enabling support for Lost Cities
[21Jan2025 05:09:03.162] [modloading-worker-0/INFO] [incontrol/]: Enabling support for Serene Seasons
[21Jan2025 05:09:03.249] [Thread-5/WARN] [com.mrbysco.ageingspawners.AgeingSpawners/]: Ageing Spawners' config just got changed on the file system!
[21Jan2025 05:09:03.367] [modloading-worker-0/INFO] [io.github.jamalam360.rightclickharvest.RightClickHarvestModInit/]: Initialized
[21Jan2025 05:09:03.388] [modloading-worker-0/INFO] [lostcities/]: Creating standard profiles into 'config/lostcities/profiles'
[21Jan2025 05:09:03.439] [modloading-worker-0/INFO] [lostcities/]: Reading existing profiles from 'config/lostcities/profiles'
[21Jan2025 05:09:03.449] [modloading-worker-0/INFO] [com.forgivingworld.ForgivingWorldMod/]: forgivingworld mod initialized
[21Jan2025 05:09:03.601] [Forge Version Check/INFO] [net.minecraftforge.fml.VersionChecker/]: [gamemenuremovegfarb] Starting version check at https://raw.githubusercontent.com/MORIMORI0317/GameMenuRemoveGFARB/master/version_check.json
[21Jan2025 05:09:03.624] [modloading-worker-0/INFO] [voicechat/]: [voicechat] Compatibility version 18
[21Jan2025 05:09:03.839] [modloading-worker-0/INFO] [voicechat/]: [voicechat] Loading plugins
[21Jan2025 05:09:03.875] [modloading-worker-0/INFO] [voicechat/]: [voicechat] Loaded 2 plugin(s)
[21Jan2025 05:09:03.880] [modloading-worker-0/INFO] [voicechat/]: [voicechat] Initializing plugins
[21Jan2025 05:09:03.900] [modloading-worker-0/INFO] [Sound Physics - General/]: Initializing Simple Voice Chat integration
[21Jan2025 05:09:03.900] [modloading-worker-0/INFO] [voicechat/]: [voicechat] Initialized 2 plugin(s)
[21Jan2025 05:09:03.902] [modloading-worker-0/INFO] [voicechat/]: [voicechat] Registering events for 'sound_physics_remastered'
[21Jan2025 05:09:03.907] [modloading-worker-0/INFO] [voicechat/]: [voicechat] Registering events for 'walkietalkie'
[21Jan2025 05:09:03.958] [Forge Version Check/INFO] [net.minecraftforge.fml.VersionChecker/]: [gamemenuremovegfarb] Found status: UP_TO_DATE Current: 2.1.2 Target: null
[21Jan2025 05:09:03.960] [Forge Version Check/INFO] [net.minecraftforge.fml.VersionChecker/]: [dynamiclights] Starting version check at https://api.modrinth.com/updates/7YjclEGc/forge_updates.json
[21Jan2025 05:09:04.079] [modloading-worker-0/INFO] [corgitaco.enhancedcelestials.EnhancedCelestials/]: Initialized enhancedcelestials network!
[21Jan2025 05:09:04.086] [modloading-worker-0/INFO] [CorgiLib/]: Initializing network...
[21Jan2025 05:09:04.094] [modloading-worker-0/INFO] [CorgiLib/]: Initialized network!
[21Jan2025 05:09:04.129] [Forge Version Check/INFO] [net.minecraftforge.fml.VersionChecker/]: [dynamiclights] Found status: AHEAD Current: 1.8.4+mod Target: null
[21Jan2025 05:09:04.130] [Forge Version Check/INFO] [net.minecraftforge.fml.VersionChecker/]: [bookshelf] Starting version check at https://updates.blamejared.com/get?n=bookshelf&gv=1.20.1
[21Jan2025 05:09:04.479] [Forge Version Check/INFO] [net.minecraftforge.fml.VersionChecker/]: [bookshelf] Found status: BETA Current: 20.2.13 Target: 20.2.13
[21Jan2025 05:09:04.479] [Forge Version Check/INFO] [net.minecraftforge.fml.VersionChecker/]: [uteamcore] Starting version check at https://api.u-team.info/update/uteamcore.json
[21Jan2025 05:09:04.490] [main/INFO] [Framework/SYNCED_ENTITY_DATA]: Registered synced data key refurbished_furniture:lock_yaw for refurbished_furniture:seat
[21Jan2025 05:09:04.571] [main/INFO] [tacz/SYNCED_ENTITY_DATA_TAC_COPY]: Registered synced data key tacz:shoot_cool_down for minecraft:living_entity
[21Jan2025 05:09:04.571] [main/INFO] [tacz/SYNCED_ENTITY_DATA_TAC_COPY]: Registered synced data key tacz:melee_cool_down for minecraft:living_entity
[21Jan2025 05:09:04.571] [main/INFO] [tacz/SYNCED_ENTITY_DATA_TAC_COPY]: Registered synced data key tacz:reload_state for minecraft:living_entity
[21Jan2025 05:09:04.571] [main/INFO] [tacz/SYNCED_ENTITY_DATA_TAC_COPY]: Registered synced data key tacz:aiming_progress for minecraft:living_entity
[21Jan2025 05:09:04.571] [main/INFO] [tacz/SYNCED_ENTITY_DATA_TAC_COPY]: Registered synced data key tacz:draw_cool_down for minecraft:living_entity
[21Jan2025 05:09:04.571] [main/INFO] [tacz/SYNCED_ENTITY_DATA_TAC_COPY]: Registered synced data key tacz:is_aiming for minecraft:living_entity
[21Jan2025 05:09:04.571] [main/INFO] [tacz/SYNCED_ENTITY_DATA_TAC_COPY]: Registered synced data key tacz:sprint_time for minecraft:living_entity
[21Jan2025 05:09:04.572] [main/INFO] [tacz/SYNCED_ENTITY_DATA_TAC_COPY]: Registered synced data key tacz:bolt_cool_down for minecraft:living_entity
[21Jan2025 05:09:04.639] [main/INFO] [Moonlight/]: Initialized color sets in 56ms
[21Jan2025 05:09:04.744] [Forge Version Check/INFO] [net.minecraftforge.fml.VersionChecker/]: [uteamcore] Found status: OUTDATED Current: 5.1.4.326 Target: 5.1.4.346
[21Jan2025 05:09:04.744] [Forge Version Check/INFO] [net.minecraftforge.fml.VersionChecker/]: [hordes] Starting version check at https://raw.githubusercontent.com/SmileycorpMC/The-Hordes/1.20/update.json
[21Jan2025 05:09:04.753] [Forge Version Check/INFO] [net.minecraftforge.fml.VersionChecker/]: [hordes] Found status: UP_TO_DATE Current: 1.5.4 Target: null
[21Jan2025 05:09:04.754] [Forge Version Check/INFO] [net.minecraftforge.fml.VersionChecker/]: [structure_gel] Starting version check at http://changelogs.moddinglegacy.com/structure-gel.json
[21Jan2025 05:09:04.841] [modloading-worker-0/ERROR] [ihh.propertymodifier.Logger/]: Could not find rarity  mentioned in entry "test" = 
[21Jan2025 05:09:04.963] [modloading-worker-0/ERROR] [ihh.propertymodifier.Logger/]: Could not find rarity  mentioned in entry "test" = 
[21Jan2025 05:09:05.019] [Forge Version Check/INFO] [net.minecraftforge.fml.VersionChecker/]: [structure_gel] Found status: BETA Current: 2.16.2 Target: null
[21Jan2025 05:09:05.019] [Forge Version Check/INFO] [net.minecraftforge.fml.VersionChecker/]: [corpse] Starting version check at https://update.maxhenkel.de/forge/corpse
[21Jan2025 05:09:05.692] [Forge Version Check/INFO] [net.minecraftforge.fml.VersionChecker/]: [corpse] Found status: OUTDATED Current: 1.20.1-1.0.17 Target: 1.20.1-1.0.19
[21Jan2025 05:09:05.693] [Forge Version Check/INFO] [net.minecraftforge.fml.VersionChecker/]: [gml] Starting version check at https://maven.moddinginquisition.org/releases/org/groovymc/gml/gml/forge-promotions.json
[21Jan2025 05:09:06.082] [Forge Version Check/INFO] [net.minecraftforge.fml.VersionChecker/]: [gml] Found status: BETA Current: 4.0.9 Target: null
[21Jan2025 05:09:06.082] [Forge Version Check/INFO] [net.minecraftforge.fml.VersionChecker/]: [searchables] Starting version check at https://updates.blamejared.com/get?n=searchables&gv=1.20.1
[21Jan2025 05:09:06.185] [Forge Version Check/INFO] [net.minecraftforge.fml.VersionChecker/]: [searchables] Found status: BETA Current: 1.0.3 Target: 1.0.3
[21Jan2025 05:09:06.185] [Forge Version Check/INFO] [net.minecraftforge.fml.VersionChecker/]: [atlaslib] Starting version check at https://raw.githubusercontent.com/SmileycorpMC/Atlas-Lib/1.20/update.json
[21Jan2025 05:09:06.195] [Forge Version Check/INFO] [net.minecraftforge.fml.VersionChecker/]: [atlaslib] Found status: UP_TO_DATE Current: 1.1.12 Target: null
[21Jan2025 05:09:06.195] [Forge Version Check/INFO] [net.minecraftforge.fml.VersionChecker/]: [refurbished_furniture] Starting version check at https://mrcrayfish.com/api/mod_update/forge/refurbished_furniture
[21Jan2025 05:09:06.491] [Forge Version Check/INFO] [net.minecraftforge.fml.VersionChecker/]: [refurbished_furniture] Found status: BETA Current: 1.0.8 Target: 1.0.8
[21Jan2025 05:09:06.492] [Forge Version Check/INFO] [net.minecraftforge.fml.VersionChecker/]: [framework] Starting version check at https://mrcrayfish.com/modupdatejson?id=framework
[21Jan2025 05:09:06.834] [Forge Version Check/INFO] [net.minecraftforge.fml.VersionChecker/]: [framework] Found status: BETA Current: 0.7.12 Target: 0.7.12
[21Jan2025 05:09:06.835] [Forge Version Check/INFO] [net.minecraftforge.fml.VersionChecker/]: [unilib] Starting version check at https://raw.githubusercontent.com/CDAGaming/VersionLibrary/master/UniLib/update.json
[21Jan2025 05:09:06.845] [Forge Version Check/INFO] [net.minecraftforge.fml.VersionChecker/]: [unilib] Found status: AHEAD Current: 1.0.3 Target: null
[21Jan2025 05:09:06.845] [Forge Version Check/INFO] [net.minecraftforge.fml.VersionChecker/]: [strayed_fates_forsaken] Starting version check at https://api.modrinth.com/updates/3GGOgUqD/forge_updates.json
[21Jan2025 05:09:06.880] [Forge Version Check/INFO] [net.minecraftforge.fml.VersionChecker/]: [strayed_fates_forsaken] Found status: UP_TO_DATE Current: 1.1.3.2 Target: null
[21Jan2025 05:09:06.880] [Forge Version Check/INFO] [net.minecraftforge.fml.VersionChecker/]: [sliceanddice] Starting version check at https://api.modrinth.com/updates/slice-and-dice/forge_updates.json
[21Jan2025 05:09:06.919] [Forge Version Check/INFO] [net.minecraftforge.fml.VersionChecker/]: [sliceanddice] Found status: UP_TO_DATE Current: 3.3.0 Target: null
[21Jan2025 05:09:06.919] [Forge Version Check/INFO] [net.minecraftforge.fml.VersionChecker/]: [mutantmonsters] Starting version check at https://raw.githubusercontent.com/Fuzss/modresources/main/update/mutantmonsters.json
[21Jan2025 05:09:06.928] [Forge Version Check/INFO] [net.minecraftforge.fml.VersionChecker/]: [mutantmonsters] Found status: UP_TO_DATE Current: 8.0.7 Target: null
[21Jan2025 05:09:06.928] [Forge Version Check/INFO] [net.minecraftforge.fml.VersionChecker/]: [copycats] Starting version check at https://raw.githubusercontent.com/copycats-plus/copycats/multiloader/update.json
[21Jan2025 05:09:06.936] [Forge Version Check/INFO] [net.minecraftforge.fml.VersionChecker/]: [copycats] Found status: AHEAD Current: 2.1.4+mc.1.20.1-forge Target: null
[21Jan2025 05:09:06.937] [Forge Version Check/INFO] [net.minecraftforge.fml.VersionChecker/]: [badmobs] Starting version check at https://updates.blamejared.com/get?n=badmobs&gv=1.20.1
[21Jan2025 05:09:07.038] [Forge Version Check/INFO] [net.minecraftforge.fml.VersionChecker/]: [badmobs] Found status: BETA Current: 19.0.4 Target: 19.0.4
[21Jan2025 05:09:07.038] [Forge Version Check/INFO] [net.minecraftforge.fml.VersionChecker/]: [mighty_mail] Starting version check at https://mrcrayfish.com/modupdatejson?id=mighty_mail
[21Jan2025 05:09:07.390] [Forge Version Check/INFO] [net.minecraftforge.fml.VersionChecker/]: [mighty_mail] Found status: BETA Current: 1.1.2 Target: 1.1.2
[21Jan2025 05:09:07.390] [Forge Version Check/INFO] [net.minecraftforge.fml.VersionChecker/]: [crafttweaker] Starting version check at https://updates.blamejared.com/get?n=crafttweaker&gv=1.20.1
[21Jan2025 05:09:07.496] [Forge Version Check/INFO] [net.minecraftforge.fml.VersionChecker/]: [crafttweaker] Found status: BETA_OUTDATED Current: 14.0.44 Target: 14.0.50
[21Jan2025 05:09:07.497] [Forge Version Check/INFO] [net.minecraftforge.fml.VersionChecker/]: [puzzlesaccessapi] Starting version check at https://raw.githubusercontent.com/Fuzss/modresources/main/update/puzzlesaccessapi.json
[21Jan2025 05:09:07.507] [Forge Version Check/INFO] [net.minecraftforge.fml.VersionChecker/]: [puzzlesaccessapi] Found status: BETA Current: 8.0.7 Target: null
[21Jan2025 05:09:07.508] [Forge Version Check/INFO] [net.minecraftforge.fml.VersionChecker/]: [forge] Starting version check at https://files.minecraftforge.net/net/minecraftforge/forge/promotions_slim.json
[21Jan2025 05:09:07.629] [Forge Version Check/INFO] [net.minecraftforge.fml.VersionChecker/]: [forge] Found status: UP_TO_DATE Current: 47.3.0 Target: null
[21Jan2025 05:09:07.629] [Forge Version Check/INFO] [net.minecraftforge.fml.VersionChecker/]: [cofh_core] Starting version check at https://raw.github.com/cofh/version/main/cofh_core/update.json
[21Jan2025 05:09:07.700] [Forge Version Check/INFO] [net.minecraftforge.fml.VersionChecker/]: [cofh_core] Found status: AHEAD Current: 11.0.2 Target: null
[21Jan2025 05:09:07.700] [Forge Version Check/INFO] [net.minecraftforge.fml.VersionChecker/]: [voicechat] Starting version check at https://update.maxhenkel.de/forge/voicechat
[21Jan2025 05:09:07.801] [Forge Version Check/INFO] [net.minecraftforge.fml.VersionChecker/]: [voicechat] Found status: OUTDATED Current: 1.20.1-2.5.26 Target: 1.20.1-2.5.27
[21Jan2025 05:09:07.801] [Forge Version Check/INFO] [net.minecraftforge.fml.VersionChecker/]: [sound_physics_remastered] Starting version check at https://update.maxhenkel.de/forge/sound_physics_remastered
[21Jan2025 05:09:07.908] [Forge Version Check/INFO] [net.minecraftforge.fml.VersionChecker/]: [sound_physics_remastered] Found status: OUTDATED Current: 1.20.1-1.4.5 Target: 1.20.1-1.4.8
[21Jan2025 05:09:07.908] [Forge Version Check/INFO] [net.minecraftforge.fml.VersionChecker/]: [moonlight] Starting version check at https://raw.githubusercontent.com/MehVahdJukaar/Moonlight/multi-loader/forge/update.json
[21Jan2025 05:09:07.917] [Forge Version Check/INFO] [net.minecraftforge.fml.VersionChecker/]: [moonlight] Found status: BETA Current: 1.20-2.13.32 Target: null
[21Jan2025 05:09:07.917] [Forge Version Check/INFO] [net.minecraftforge.fml.VersionChecker/]: [smoothboot] Starting version check at https://github.com/AbdElAziz333/SmoothBoot-Reloaded/raw/mc1.20.1/dev/updates.json
[21Jan2025 05:09:08.025] [Forge Version Check/INFO] [net.minecraftforge.fml.VersionChecker/]: [smoothboot] Found status: UP_TO_DATE Current: 0.0.4 Target: null
[21Jan2025 05:09:08.026] [Forge Version Check/INFO] [net.minecraftforge.fml.VersionChecker/]: [createtweaker] Starting version check at https://updates.blamejared.com/get?n=createtweaker&gv=1.20.1
[21Jan2025 05:09:08.131] [Forge Version Check/INFO] [net.minecraftforge.fml.VersionChecker/]: [createtweaker] Found status: BETA Current: 4.0.13 Target: 4.0.13
[21Jan2025 05:09:08.131] [Forge Version Check/INFO] [net.minecraftforge.fml.VersionChecker/]: [flywheel] Starting version check at https://api.modrinth.com/updates/flywheel/forge_updates.json
[21Jan2025 05:09:08.170] [Forge Version Check/INFO] [net.minecraftforge.fml.VersionChecker/]: [flywheel] Found status: BETA Current: 0.6.11-13 Target: null
[21Jan2025 05:09:08.170] [Forge Version Check/INFO] [net.minecraftforge.fml.VersionChecker/]: [securitycraft] Starting version check at https://www.github.com/Geforce132/SecurityCraft/raw/master/Updates/Forge.json
[21Jan2025 05:09:08.228] [Forge Version Check/INFO] [net.minecraftforge.fml.VersionChecker/]: [securitycraft] Found status: OUTDATED Current: 1.9.11 Target: 1.9.12
[21Jan2025 05:09:08.229] [Forge Version Check/INFO] [net.minecraftforge.fml.VersionChecker/]: [regrowth] Starting version check at https://github.com/mactso/Regrowth/raw/main/update.json
[21Jan2025 05:09:08.298] [Forge Version Check/INFO] [net.minecraftforge.fml.VersionChecker/]: [regrowth] Found status: BETA_OUTDATED Current: 46.31.2 Target: 52.31.2
[21Jan2025 05:09:08.299] [Forge Version Check/INFO] [net.minecraftforge.fml.VersionChecker/]: [ambientenvironment] Starting version check at https://updates.blamejared.com/get?n=AmbientEnvironment&gv=1.20.1
[21Jan2025 05:09:08.400] [Forge Version Check/INFO] [net.minecraftforge.fml.VersionChecker/]: [ambientenvironment] Found status: BETA Current: 11.0.0.1 Target: 11.0.0.1
[21Jan2025 05:09:08.400] [Forge Version Check/INFO] [net.minecraftforge.fml.VersionChecker/]: [puzzleslib] Starting version check at https://raw.githubusercontent.com/Fuzss/modresources/main/update/puzzleslib.json
[21Jan2025 05:09:08.412] [Forge Version Check/INFO] [net.minecraftforge.fml.VersionChecker/]: [puzzleslib] Found status: UP_TO_DATE Current: 8.1.25 Target: null
[21Jan2025 05:09:08.412] [Forge Version Check/INFO] [net.minecraftforge.fml.VersionChecker/]: [packetfixer] Starting version check at https://api.modrinth.com/updates/packet-fixer/forge_updates.json
[21Jan2025 05:09:08.513] [Forge Version Check/INFO] [net.minecraftforge.fml.VersionChecker/]: [packetfixer] Found status: OUTDATED Current: 1.4.2 Target: 1.4.3
[21Jan2025 05:09:08.513] [Forge Version Check/INFO] [net.minecraftforge.fml.VersionChecker/]: [openloader] Starting version check at https://updates.blamejared.com/get?n=openloader&gv=1.20.1
[21Jan2025 05:09:08.615] [Forge Version Check/INFO] [net.minecraftforge.fml.VersionChecker/]: [openloader] Found status: BETA Current: 19.0.4 Target: 19.0.4
[21Jan2025 05:09:15.028] [main/INFO] [com.mojang.authlib.yggdrasil.YggdrasilAuthenticationService/]: Environment: authHost='https://authserver.mojang.com', accountsHost='https://api.mojang.com', sessionHost='https://sessionserver.mojang.com', servicesHost='https://api.minecraftservices.com', name='PROD'
[21Jan2025 05:09:21.660] [main/WARN] [net.minecraft.server.packs.VanillaPackResourcesBuilder/]: Assets URL 'union:/workspaces/Server_Zombies/servidor_minecraft/libraries/net/minecraft/server/1.20.1-20230612.114412/server-1.20.1-20230612.114412-srg.jar%23437!/assets/.mcassetsroot' uses unexpected schema
[21Jan2025 05:09:21.660] [main/WARN] [net.minecraft.server.packs.VanillaPackResourcesBuilder/]: Assets URL 'union:/workspaces/Server_Zombies/servidor_minecraft/libraries/net/minecraft/server/1.20.1-20230612.114412/server-1.20.1-20230612.114412-srg.jar%23437!/data/.mcassetsroot' uses unexpected schema
[21Jan2025 05:09:21.710] [main/INFO] [Open Loader/]: Preparing Data Pack injection.
[21Jan2025 05:09:21.713] [main/INFO] [Open Loader/]: Loaded archive Data Pack from /workspaces/Server_Zombies/servidor_minecraft/config/openloader/data/no_spore_structures.zip.
[21Jan2025 05:09:21.713] [main/INFO] [Open Loader/]: Successfully injected 1/1 packs from /workspaces/Server_Zombies/servidor_minecraft/config/openloader/data.
[21Jan2025 05:09:21.793] [main/INFO] [com.ordana.immersive_weathering.ImmersiveWeathering/]: Generated runtime SERVER_DATA for pack Immersive Weathering Generated Pack (immersive_weathering) in: 12 ms
[21Jan2025 05:09:21.814] [main/INFO] [com.ordana.immersive_weathering.ImmersiveWeathering/]: Generated runtime SERVER_DATA for pack Immersive Weathering Generated Pack (immersive_weathering) in: 1 ms
[21Jan2025 05:09:21.838] [main/INFO] [KubeJS Server/]: Loaded script server_scripts:cursedwalkingrecipechanges.js in 0.002 s
[21Jan2025 05:09:21.841] [main/INFO] [KubeJS Server/]: Loaded script server_scripts:itemRecipeBlacklist.js in 0.003 s
[21Jan2025 05:09:21.843] [main/INFO] [KubeJS Server/]: Loaded script server_scripts:matt's_stims_server.js in 0.002 s
[21Jan2025 05:09:21.843] [main/INFO] [KubeJS Server/]: Loaded 3/3 KubeJS server scripts in 0.021 s with 0 errors and 0 warnings
[21Jan2025 05:09:21.843] [main/INFO] [KubeJS Server/]: Scripts loaded
[21Jan2025 05:09:21.855] [main/INFO] [KubeJS Server/]: Initializing recipe event...
[21Jan2025 05:09:24.278] [main/INFO] [com.github.alexthe666.alexsmobs.AlexsMobs/]: Adding datapack listener capsid_recipes
[21Jan2025 05:09:24.777] [Worker-Main-14/ERROR] [net.minecraft.Util/]: Invalid path in pack: create:recipes/Copper_sulfate.json, ignoring
[21Jan2025 05:09:24.779] [Worker-Main-14/ERROR] [net.minecraft.Util/]: Invalid path in pack: create:recipes/Copper_sulfate copia.json, ignoring
[21Jan2025 05:09:24.836] [Worker-Main-6/INFO] [KubeJS Server/]: [minecraft:item] Found 916 tags, added 0 objects, removed 1 objects
[21Jan2025 05:09:24.843] [Worker-Main-6/ERROR] [net.minecraft.tags.TagLoader/]: Couldn't load tag forge:ingots as it is missing following references: #forge:ingots/steel_ingot (from mcore-1.20.1-1.0.2.jar), 
	#forge:ingots/titanium_ingot (from mcore-1.20.1-1.0.2.jar)
[21Jan2025 05:09:24.848] [Worker-Main-6/ERROR] [net.minecraft.tags.TagLoader/]: Couldn't load tag forge:raw_materials as it is missing following references: #forge:raw_materials/raw_titanium (from mcore-1.20.1-1.0.2.jar)
[21Jan2025 05:09:24.849] [Worker-Main-9/ERROR] [net.minecraft.tags.TagLoader/]: Couldn't load tag fabric:mineable/needs_tool_level_3 as it is missing following references: netherite_ore_mod:ancientdebrisore (from Skay's Overworld Netherite RELEASE 1.20.1 Forge.jar), 
	netherite_ore_mod:deepslate_ancient_debris_ore (from Skay's Overworld Netherite RELEASE 1.20.1 Forge.jar), 
	netherite_ore_mod:netherite_ancient_debris_ore (from Skay's Overworld Netherite RELEASE 1.20.1 Forge.jar)
[21Jan2025 05:09:24.912] [Worker-Main-14/ERROR] [net.minecraft.Util/]: Invalid path in pack: psg:recipes/Copper_sulfate_copia.json, ignoring
[21Jan2025 05:09:24.914] [Worker-Main-14/ERROR] [net.minecraft.Util/]: Invalid path in pack: psg:recipes/Copper_sulfate.json, ignoring
[21Jan2025 05:09:25.128] [Worker-Main-14/ERROR] [net.minecraft.server.packs.resources.SimpleJsonResourceReloadListener/]: Couldn't parse data file psg:copper_sulfate_mixing from psg:recipes/copper_sulfate_mixing.json
com.google.gson.JsonParseException: com.google.gson.stream.MalformedJsonException: Unterminated object at line 14 column 8 path $.results[0].item
	at net.minecraft.util.GsonHelper.m_13780_(GsonHelper.java:526) ~[server-1.20.1-20230612.114412-srg.jar%23437!/:?]
	at net.minecraft.util.GsonHelper.m_263475_(GsonHelper.java:531) ~[server-1.20.1-20230612.114412-srg.jar%23437!/:?]
	at net.minecraft.util.GsonHelper.m_13776_(GsonHelper.java:581) ~[server-1.20.1-20230612.114412-srg.jar%23437!/:?]
	at net.minecraft.server.packs.resources.SimpleJsonResourceReloadListener.m_278771_(SimpleJsonResourceReloadListener.java:41) ~[server-1.20.1-20230612.114412-srg.jar%23437!/:?]
	at net.minecraft.server.packs.resources.SimpleJsonResourceReloadListener.m_5944_(SimpleJsonResourceReloadListener.java:29) ~[server-1.20.1-20230612.114412-srg.jar%23437!/:?]
	at net.minecraft.server.packs.resources.SimpleJsonResourceReloadListener.m_5944_(SimpleJsonResourceReloadListener.java:17) ~[server-1.20.1-20230612.114412-srg.jar%23437!/:?]
	at net.minecraft.server.packs.resources.SimplePreparableReloadListener.m_10786_(SimplePreparableReloadListener.java:11) ~[server-1.20.1-20230612.114412-srg.jar%23437!/:?]
	at java.util.concurrent.CompletableFuture$AsyncSupply.run(CompletableFuture.java:1768) ~[?:?]
	at java.util.concurrent.CompletableFuture$AsyncSupply.exec(CompletableFuture.java:1760) ~[?:?]
	at java.util.concurrent.ForkJoinTask.doExec(ForkJoinTask.java:373) ~[?:?]
	at java.util.concurrent.ForkJoinPool$WorkQueue.topLevelExec(ForkJoinPool.java:1182) ~[?:?]
	at java.util.concurrent.ForkJoinPool.scan(ForkJoinPool.java:1655) ~[?:?]
	at java.util.concurrent.ForkJoinPool.runWorker(ForkJoinPool.java:1622) ~[?:?]
	at java.util.concurrent.ForkJoinWorkerThread.run(ForkJoinWorkerThread.java:165) ~[?:?]
Caused by: com.google.gson.stream.MalformedJsonException: Unterminated object at line 14 column 8 path $.results[0].item
	at com.google.gson.stream.JsonReader.syntaxError(JsonReader.java:1657) ~[gson-2.10.jar%2372!/:?]
	at com.google.gson.stream.JsonReader.doPeek(JsonReader.java:500) ~[gson-2.10.jar%2372!/:?]
	at com.google.gson.stream.JsonReader.hasNext(JsonReader.java:422) ~[gson-2.10.jar%2372!/:?]
	at com.google.gson.internal.bind.TypeAdapters$28.read(TypeAdapters.java:779) ~[gson-2.10.jar%2372!/:?]
	at com.google.gson.internal.bind.TypeAdapters$28.read(TypeAdapters.java:725) ~[gson-2.10.jar%2372!/:?]
	at com.google.gson.internal.bind.TypeAdapters$34$1.read(TypeAdapters.java:1007) ~[gson-2.10.jar%2372!/:?]
	at net.minecraft.util.GsonHelper.m_13780_(GsonHelper.java:524) ~[server-1.20.1-20230612.114412-srg.jar%23437!/:?]
	... 13 more
[21Jan2025 05:09:25.605] [Worker-Main-4/ERROR] [net.minecraftforge.common.ForgeHooks/]: Couldn't parse element loot_tables:mcore:blocks/steel_stairs
com.google.gson.JsonSyntaxException: Expected name to be an item, was unknown string 'mcore:steel_stairs'
	at net.minecraft.util.GsonHelper.m_13866_(GsonHelper.java:145) ~[server-1.20.1-20230612.114412-srg.jar%23437!/:?]
	at java.util.Optional.orElseThrow(Optional.java:403) ~[?:?]
	at net.minecraft.util.GsonHelper.m_13874_(GsonHelper.java:145) ~[server-1.20.1-20230612.114412-srg.jar%23437!/:?]
	at net.minecraft.util.GsonHelper.m_13909_(GsonHelper.java:153) ~[server-1.20.1-20230612.114412-srg.jar%23437!/:?]
	at net.minecraft.world.level.storage.loot.entries.LootItem$Serializer.m_7267_(LootItem.java:55) ~[server-1.20.1-20230612.114412-srg.jar%23437!/:?]
	at net.minecraft.world.level.storage.loot.entries.LootItem$Serializer.m_7267_(LootItem.java:40) ~[server-1.20.1-20230612.114412-srg.jar%23437!/:?]
	at net.minecraft.world.level.storage.loot.entries.LootPoolSingletonContainer$Serializer.m_5921_(LootPoolSingletonContainer.java:151) ~[server-1.20.1-20230612.114412-srg.jar%23437!/:?]
	at net.minecraft.world.level.storage.loot.entries.LootPoolSingletonContainer$Serializer.m_5921_(LootPoolSingletonContainer.java:129) ~[server-1.20.1-20230612.114412-srg.jar%23437!/:?]
	at net.minecraft.world.level.storage.loot.entries.LootPoolEntryContainer$Serializer.m_7561_(LootPoolEntryContainer.java:86) ~[server-1.20.1-20230612.114412-srg.jar%23437!/:?]
	at net.minecraft.world.level.storage.loot.entries.LootPoolEntryContainer$Serializer.m_7561_(LootPoolEntryContainer.java:74) ~[server-1.20.1-20230612.114412-srg.jar%23437!/:?]
	at net.minecraft.world.level.storage.loot.GsonAdapterFactory$JsonAdapter.deserialize(GsonAdapterFactory.java:102) ~[server-1.20.1-20230612.114412-srg.jar%23437!/:?]
	at com.google.gson.internal.bind.TreeTypeAdapter.read(TreeTypeAdapter.java:76) ~[gson-2.10.jar%2372!/:?]
	at com.google.gson.internal.bind.TypeAdapterRuntimeTypeWrapper.read(TypeAdapterRuntimeTypeWrapper.java:40) ~[gson-2.10.jar%2372!/:?]
	at com.google.gson.internal.bind.ArrayTypeAdapter.read(ArrayTypeAdapter.java:72) ~[gson-2.10.jar%2372!/:?]
	at com.google.gson.Gson.fromJson(Gson.java:1214) ~[gson-2.10.jar%2372!/:?]
	at com.google.gson.Gson.fromJson(Gson.java:1319) ~[gson-2.10.jar%2372!/:?]
	at com.google.gson.Gson.fromJson(Gson.java:1290) ~[gson-2.10.jar%2372!/:?]
	at com.google.gson.internal.bind.TreeTypeAdapter$GsonContextImpl.deserialize(TreeTypeAdapter.java:179) ~[gson-2.10.jar%2372!/:?]
	at net.minecraft.util.GsonHelper.m_13808_(GsonHelper.java:463) ~[server-1.20.1-20230612.114412-srg.jar%23437!/:?]
	at net.minecraft.util.GsonHelper.m_13836_(GsonHelper.java:471) ~[server-1.20.1-20230612.114412-srg.jar%23437!/:?]
	at net.minecraft.world.level.storage.loot.LootPool$Serializer.deserialize(LootPool.java:192) ~[server-1.20.1-20230612.114412-srg.jar%23437!/:?]
	at net.minecraft.world.level.storage.loot.LootPool$Serializer.deserialize(LootPool.java:189) ~[server-1.20.1-20230612.114412-srg.jar%23437!/:?]
	at com.google.gson.internal.bind.TreeTypeAdapter.read(TreeTypeAdapter.java:76) ~[gson-2.10.jar%2372!/:?]
	at com.google.gson.internal.bind.TypeAdapterRuntimeTypeWrapper.read(TypeAdapterRuntimeTypeWrapper.java:40) ~[gson-2.10.jar%2372!/:?]
	at com.google.gson.internal.bind.ArrayTypeAdapter.read(ArrayTypeAdapter.java:72) ~[gson-2.10.jar%2372!/:?]
	at com.google.gson.Gson.fromJson(Gson.java:1214) ~[gson-2.10.jar%2372!/:?]
	at com.google.gson.Gson.fromJson(Gson.java:1319) ~[gson-2.10.jar%2372!/:?]
	at com.google.gson.Gson.fromJson(Gson.java:1290) ~[gson-2.10.jar%2372!/:?]
	at com.google.gson.internal.bind.TreeTypeAdapter$GsonContextImpl.deserialize(TreeTypeAdapter.java:179) ~[gson-2.10.jar%2372!/:?]
	at net.minecraft.util.GsonHelper.m_13808_(GsonHelper.java:463) ~[server-1.20.1-20230612.114412-srg.jar%23437!/:?]
	at net.minecraft.util.GsonHelper.m_13845_(GsonHelper.java:481) ~[server-1.20.1-20230612.114412-srg.jar%23437!/:?]
	at net.minecraft.world.level.storage.loot.LootTable$Serializer.deserialize(LootTable.java:294) ~[server-1.20.1-20230612.114412-srg.jar%23437!/:?]
	at net.minecraft.world.level.storage.loot.LootTable$Serializer.deserialize(LootTable.java:291) ~[server-1.20.1-20230612.114412-srg.jar%23437!/:?]
	at com.google.gson.internal.bind.TreeTypeAdapter.read(TreeTypeAdapter.java:76) ~[gson-2.10.jar%2372!/:?]
	at com.google.gson.Gson.fromJson(Gson.java:1214) ~[gson-2.10.jar%2372!/:?]
	at com.google.gson.Gson.fromJson(Gson.java:1319) ~[gson-2.10.jar%2372!/:?]
	at com.google.gson.Gson.fromJson(Gson.java:1261) ~[gson-2.10.jar%2372!/:?]
	at net.minecraftforge.common.ForgeHooks.loadLootTable(ForgeHooks.java:871) ~[forge-1.20.1-47.3.0-universal.jar%23442!/:?]
	at net.minecraftforge.common.ForgeHooks.lambda$getLootTableDeserializer$3(ForgeHooks.java:848) ~[forge-1.20.1-47.3.0-universal.jar%23442!/:?]
	at net.minecraft.world.level.storage.loot.LootDataType.deserialize(LootDataType.java:45) ~[server-1.20.1-20230612.114412-srg.jar%23437!/:?]
	at net.minecraft.world.level.storage.loot.LootDataManager.lambda$scheduleElementParse$4(LootDataManager.java:56) ~[server-1.20.1-20230612.114412-srg.jar%23437!/:?]
	at java.util.HashMap.forEach(HashMap.java:1421) ~[?:?]
	at net.minecraft.world.level.storage.loot.LootDataManager.m_278660_(LootDataManager.java:55) ~[server-1.20.1-20230612.114412-srg.jar%23437!/:?]
	at java.util.concurrent.CompletableFuture$AsyncRun.run(CompletableFuture.java:1804) ~[?:?]
	at java.util.concurrent.CompletableFuture$AsyncRun.exec(CompletableFuture.java:1796) ~[?:?]
	at java.util.concurrent.ForkJoinTask.doExec(ForkJoinTask.java:373) ~[?:?]
	at java.util.concurrent.ForkJoinPool$WorkQueue.topLevelExec(ForkJoinPool.java:1182) ~[?:?]
	at java.util.concurrent.ForkJoinPool.scan(ForkJoinPool.java:1655) ~[?:?]
	at java.util.concurrent.ForkJoinPool.runWorker(ForkJoinPool.java:1622) ~[?:?]
	at java.util.concurrent.ForkJoinWorkerThread.run(ForkJoinWorkerThread.java:165) ~[?:?]
[21Jan2025 05:09:25.669] [Worker-Main-4/ERROR] [net.minecraftforge.common.ForgeHooks/]: Couldn't parse element loot_tables:mcore:blocks/vertical_cut_titanium_block
com.google.gson.JsonSyntaxException: Expected name to be an item, was unknown string 'mcore:vertical_cut_titanium_block'
	at net.minecraft.util.GsonHelper.m_13866_(GsonHelper.java:145) ~[server-1.20.1-20230612.114412-srg.jar%23437!/:?]
	at java.util.Optional.orElseThrow(Optional.java:403) ~[?:?]
	at net.minecraft.util.GsonHelper.m_13874_(GsonHelper.java:145) ~[server-1.20.1-20230612.114412-srg.jar%23437!/:?]
	at net.minecraft.util.GsonHelper.m_13909_(GsonHelper.java:153) ~[server-1.20.1-20230612.114412-srg.jar%23437!/:?]
	at net.minecraft.world.level.storage.loot.entries.LootItem$Serializer.m_7267_(LootItem.java:55) ~[server-1.20.1-20230612.114412-srg.jar%23437!/:?]
	at net.minecraft.world.level.storage.loot.entries.LootItem$Serializer.m_7267_(LootItem.java:40) ~[server-1.20.1-20230612.114412-srg.jar%23437!/:?]
	at net.minecraft.world.level.storage.loot.entries.LootPoolSingletonContainer$Serializer.m_5921_(LootPoolSingletonContainer.java:151) ~[server-1.20.1-20230612.114412-srg.jar%23437!/:?]
	at net.minecraft.world.level.storage.loot.entries.LootPoolSingletonContainer$Serializer.m_5921_(LootPoolSingletonContainer.java:129) ~[server-1.20.1-20230612.114412-srg.jar%23437!/:?]
	at net.minecraft.world.level.storage.loot.entries.LootPoolEntryContainer$Serializer.m_7561_(LootPoolEntryContainer.java:86) ~[server-1.20.1-20230612.114412-srg.jar%23437!/:?]
	at net.minecraft.world.level.storage.loot.entries.LootPoolEntryContainer$Serializer.m_7561_(LootPoolEntryContainer.java:74) ~[server-1.20.1-20230612.114412-srg.jar%23437!/:?]
	at net.minecraft.world.level.storage.loot.GsonAdapterFactory$JsonAdapter.deserialize(GsonAdapterFactory.java:102) ~[server-1.20.1-20230612.114412-srg.jar%23437!/:?]
	at com.google.gson.internal.bind.TreeTypeAdapter.read(TreeTypeAdapter.java:76) ~[gson-2.10.jar%2372!/:?]
	at com.google.gson.internal.bind.TypeAdapterRuntimeTypeWrapper.read(TypeAdapterRuntimeTypeWrapper.java:40) ~[gson-2.10.jar%2372!/:?]
	at com.google.gson.internal.bind.ArrayTypeAdapter.read(ArrayTypeAdapter.java:72) ~[gson-2.10.jar%2372!/:?]
	at com.google.gson.Gson.fromJson(Gson.java:1214) ~[gson-2.10.jar%2372!/:?]
	at com.google.gson.Gson.fromJson(Gson.java:1319) ~[gson-2.10.jar%2372!/:?]
	at com.google.gson.Gson.fromJson(Gson.java:1290) ~[gson-2.10.jar%2372!/:?]
	at com.google.gson.internal.bind.TreeTypeAdapter$GsonContextImpl.deserialize(TreeTypeAdapter.java:179) ~[gson-2.10.jar%2372!/:?]
	at net.minecraft.util.GsonHelper.m_13808_(GsonHelper.java:463) ~[server-1.20.1-20230612.114412-srg.jar%23437!/:?]
	at net.minecraft.util.GsonHelper.m_13836_(GsonHelper.java:471) ~[server-1.20.1-20230612.114412-srg.jar%23437!/:?]
	at net.minecraft.world.level.storage.loot.LootPool$Serializer.deserialize(LootPool.java:192) ~[server-1.20.1-20230612.114412-srg.jar%23437!/:?]
	at net.minecraft.world.level.storage.loot.LootPool$Serializer.deserialize(LootPool.java:189) ~[server-1.20.1-20230612.114412-srg.jar%23437!/:?]
	at com.google.gson.internal.bind.TreeTypeAdapter.read(TreeTypeAdapter.java:76) ~[gson-2.10.jar%2372!/:?]
	at com.google.gson.internal.bind.TypeAdapterRuntimeTypeWrapper.read(TypeAdapterRuntimeTypeWrapper.java:40) ~[gson-2.10.jar%2372!/:?]
	at com.google.gson.internal.bind.ArrayTypeAdapter.read(ArrayTypeAdapter.java:72) ~[gson-2.10.jar%2372!/:?]
	at com.google.gson.Gson.fromJson(Gson.java:1214) ~[gson-2.10.jar%2372!/:?]
	at com.google.gson.Gson.fromJson(Gson.java:1319) ~[gson-2.10.jar%2372!/:?]
	at com.google.gson.Gson.fromJson(Gson.java:1290) ~[gson-2.10.jar%2372!/:?]
	at com.google.gson.internal.bind.TreeTypeAdapter$GsonContextImpl.deserialize(TreeTypeAdapter.java:179) ~[gson-2.10.jar%2372!/:?]
	at net.minecraft.util.GsonHelper.m_13808_(GsonHelper.java:463) ~[server-1.20.1-20230612.114412-srg.jar%23437!/:?]
	at net.minecraft.util.GsonHelper.m_13845_(GsonHelper.java:481) ~[server-1.20.1-20230612.114412-srg.jar%23437!/:?]
	at net.minecraft.world.level.storage.loot.LootTable$Serializer.deserialize(LootTable.java:294) ~[server-1.20.1-20230612.114412-srg.jar%23437!/:?]
	at net.minecraft.world.level.storage.loot.LootTable$Serializer.deserialize(LootTable.java:291) ~[server-1.20.1-20230612.114412-srg.jar%23437!/:?]
	at com.google.gson.internal.bind.TreeTypeAdapter.read(TreeTypeAdapter.java:76) ~[gson-2.10.jar%2372!/:?]
	at com.google.gson.Gson.fromJson(Gson.java:1214) ~[gson-2.10.jar%2372!/:?]
	at com.google.gson.Gson.fromJson(Gson.java:1319) ~[gson-2.10.jar%2372!/:?]
	at com.google.gson.Gson.fromJson(Gson.java:1261) ~[gson-2.10.jar%2372!/:?]
	at net.minecraftforge.common.ForgeHooks.loadLootTable(ForgeHooks.java:871) ~[forge-1.20.1-47.3.0-universal.jar%23442!/:?]
	at net.minecraftforge.common.ForgeHooks.lambda$getLootTableDeserializer$3(ForgeHooks.java:848) ~[forge-1.20.1-47.3.0-universal.jar%23442!/:?]
	at net.minecraft.world.level.storage.loot.LootDataType.deserialize(LootDataType.java:45) ~[server-1.20.1-20230612.114412-srg.jar%23437!/:?]
	at net.minecraft.world.level.storage.loot.LootDataManager.lambda$scheduleElementParse$4(LootDataManager.java:56) ~[server-1.20.1-20230612.114412-srg.jar%23437!/:?]
	at java.util.HashMap.forEach(HashMap.java:1421) ~[?:?]
	at net.minecraft.world.level.storage.loot.LootDataManager.m_278660_(LootDataManager.java:55) ~[server-1.20.1-20230612.114412-srg.jar%23437!/:?]
	at java.util.concurrent.CompletableFuture$AsyncRun.run(CompletableFuture.java:1804) ~[?:?]
	at java.util.concurrent.CompletableFuture$AsyncRun.exec(CompletableFuture.java:1796) ~[?:?]
	at java.util.concurrent.ForkJoinTask.doExec(ForkJoinTask.java:373) ~[?:?]
	at java.util.concurrent.ForkJoinPool$WorkQueue.topLevelExec(ForkJoinPool.java:1182) ~[?:?]
	at java.util.concurrent.ForkJoinPool.scan(ForkJoinPool.java:1655) ~[?:?]
	at java.util.concurrent.ForkJoinPool.runWorker(ForkJoinPool.java:1622) ~[?:?]
	at java.util.concurrent.ForkJoinWorkerThread.run(ForkJoinWorkerThread.java:165) ~[?:?]
[21Jan2025 05:09:25.692] [Worker-Main-4/ERROR] [net.minecraftforge.common.ForgeHooks/]: Couldn't parse element loot_tables:mcore:blocks/cut_titanium_block
com.google.gson.JsonSyntaxException: Expected name to be an item, was unknown string 'mcore:cut_titanium_block'
	at net.minecraft.util.GsonHelper.m_13866_(GsonHelper.java:145) ~[server-1.20.1-20230612.114412-srg.jar%23437!/:?]
	at java.util.Optional.orElseThrow(Optional.java:403) ~[?:?]
	at net.minecraft.util.GsonHelper.m_13874_(GsonHelper.java:145) ~[server-1.20.1-20230612.114412-srg.jar%23437!/:?]
	at net.minecraft.util.GsonHelper.m_13909_(GsonHelper.java:153) ~[server-1.20.1-20230612.114412-srg.jar%23437!/:?]
	at net.minecraft.world.level.storage.loot.entries.LootItem$Serializer.m_7267_(LootItem.java:55) ~[server-1.20.1-20230612.114412-srg.jar%23437!/:?]
	at net.minecraft.world.level.storage.loot.entries.LootItem$Serializer.m_7267_(LootItem.java:40) ~[server-1.20.1-20230612.114412-srg.jar%23437!/:?]
	at net.minecraft.world.level.storage.loot.entries.LootPoolSingletonContainer$Serializer.m_5921_(LootPoolSingletonContainer.java:151) ~[server-1.20.1-20230612.114412-srg.jar%23437!/:?]
	at net.minecraft.world.level.storage.loot.entries.LootPoolSingletonContainer$Serializer.m_5921_(LootPoolSingletonContainer.java:129) ~[server-1.20.1-20230612.114412-srg.jar%23437!/:?]
	at net.minecraft.world.level.storage.loot.entries.LootPoolEntryContainer$Serializer.m_7561_(LootPoolEntryContainer.java:86) ~[server-1.20.1-20230612.114412-srg.jar%23437!/:?]
	at net.minecraft.world.level.storage.loot.entries.LootPoolEntryContainer$Serializer.m_7561_(LootPoolEntryContainer.java:74) ~[server-1.20.1-20230612.114412-srg.jar%23437!/:?]
	at net.minecraft.world.level.storage.loot.GsonAdapterFactory$JsonAdapter.deserialize(GsonAdapterFactory.java:102) ~[server-1.20.1-20230612.114412-srg.jar%23437!/:?]
	at com.google.gson.internal.bind.TreeTypeAdapter.read(TreeTypeAdapter.java:76) ~[gson-2.10.jar%2372!/:?]
	at com.google.gson.internal.bind.TypeAdapterRuntimeTypeWrapper.read(TypeAdapterRuntimeTypeWrapper.java:40) ~[gson-2.10.jar%2372!/:?]
	at com.google.gson.internal.bind.ArrayTypeAdapter.read(ArrayTypeAdapter.java:72) ~[gson-2.10.jar%2372!/:?]
	at com.google.gson.Gson.fromJson(Gson.java:1214) ~[gson-2.10.jar%2372!/:?]
	at com.google.gson.Gson.fromJson(Gson.java:1319) ~[gson-2.10.jar%2372!/:?]
	at com.google.gson.Gson.fromJson(Gson.java:1290) ~[gson-2.10.jar%2372!/:?]
	at com.google.gson.internal.bind.TreeTypeAdapter$GsonContextImpl.deserialize(TreeTypeAdapter.java:179) ~[gson-2.10.jar%2372!/:?]
	at net.minecraft.util.GsonHelper.m_13808_(GsonHelper.java:463) ~[server-1.20.1-20230612.114412-srg.jar%23437!/:?]
	at net.minecraft.util.GsonHelper.m_13836_(GsonHelper.java:471) ~[server-1.20.1-20230612.114412-srg.jar%23437!/:?]
	at net.minecraft.world.level.storage.loot.LootPool$Serializer.deserialize(LootPool.java:192) ~[server-1.20.1-20230612.114412-srg.jar%23437!/:?]
	at net.minecraft.world.level.storage.loot.LootPool$Serializer.deserialize(LootPool.java:189) ~[server-1.20.1-20230612.114412-srg.jar%23437!/:?]
	at com.google.gson.internal.bind.TreeTypeAdapter.read(TreeTypeAdapter.java:76) ~[gson-2.10.jar%2372!/:?]
	at com.google.gson.internal.bind.TypeAdapterRuntimeTypeWrapper.read(TypeAdapterRuntimeTypeWrapper.java:40) ~[gson-2.10.jar%2372!/:?]
	at com.google.gson.internal.bind.ArrayTypeAdapter.read(ArrayTypeAdapter.java:72) ~[gson-2.10.jar%2372!/:?]
	at com.google.gson.Gson.fromJson(Gson.java:1214) ~[gson-2.10.jar%2372!/:?]
	at com.google.gson.Gson.fromJson(Gson.java:1319) ~[gson-2.10.jar%2372!/:?]
	at com.google.gson.Gson.fromJson(Gson.java:1290) ~[gson-2.10.jar%2372!/:?]
	at com.google.gson.internal.bind.TreeTypeAdapter$GsonContextImpl.deserialize(TreeTypeAdapter.java:179) ~[gson-2.10.jar%2372!/:?]
	at net.minecraft.util.GsonHelper.m_13808_(GsonHelper.java:463) ~[server-1.20.1-20230612.114412-srg.jar%23437!/:?]
	at net.minecraft.util.GsonHelper.m_13845_(GsonHelper.java:481) ~[server-1.20.1-20230612.114412-srg.jar%23437!/:?]
	at net.minecraft.world.level.storage.loot.LootTable$Serializer.deserialize(LootTable.java:294) ~[server-1.20.1-20230612.114412-srg.jar%23437!/:?]
	at net.minecraft.world.level.storage.loot.LootTable$Serializer.deserialize(LootTable.java:291) ~[server-1.20.1-20230612.114412-srg.jar%23437!/:?]
	at com.google.gson.internal.bind.TreeTypeAdapter.read(TreeTypeAdapter.java:76) ~[gson-2.10.jar%2372!/:?]
	at com.google.gson.Gson.fromJson(Gson.java:1214) ~[gson-2.10.jar%2372!/:?]
	at com.google.gson.Gson.fromJson(Gson.java:1319) ~[gson-2.10.jar%2372!/:?]
	at com.google.gson.Gson.fromJson(Gson.java:1261) ~[gson-2.10.jar%2372!/:?]
	at net.minecraftforge.common.ForgeHooks.loadLootTable(ForgeHooks.java:871) ~[forge-1.20.1-47.3.0-universal.jar%23442!/:?]
	at net.minecraftforge.common.ForgeHooks.lambda$getLootTableDeserializer$3(ForgeHooks.java:848) ~[forge-1.20.1-47.3.0-universal.jar%23442!/:?]
	at net.minecraft.world.level.storage.loot.LootDataType.deserialize(LootDataType.java:45) ~[server-1.20.1-20230612.114412-srg.jar%23437!/:?]
	at net.minecraft.world.level.storage.loot.LootDataManager.lambda$scheduleElementParse$4(LootDataManager.java:56) ~[server-1.20.1-20230612.114412-srg.jar%23437!/:?]
	at java.util.HashMap.forEach(HashMap.java:1421) ~[?:?]
	at net.minecraft.world.level.storage.loot.LootDataManager.m_278660_(LootDataManager.java:55) ~[server-1.20.1-20230612.114412-srg.jar%23437!/:?]
	at java.util.concurrent.CompletableFuture$AsyncRun.run(CompletableFuture.java:1804) ~[?:?]
	at java.util.concurrent.CompletableFuture$AsyncRun.exec(CompletableFuture.java:1796) ~[?:?]
	at java.util.concurrent.ForkJoinTask.doExec(ForkJoinTask.java:373) ~[?:?]
	at java.util.concurrent.ForkJoinPool$WorkQueue.topLevelExec(ForkJoinPool.java:1182) ~[?:?]
	at java.util.concurrent.ForkJoinPool.scan(ForkJoinPool.java:1655) ~[?:?]
	at java.util.concurrent.ForkJoinPool.runWorker(ForkJoinPool.java:1622) ~[?:?]
	at java.util.concurrent.ForkJoinWorkerThread.run(ForkJoinWorkerThread.java:165) ~[?:?]
[21Jan2025 05:09:25.731] [Worker-Main-4/ERROR] [net.minecraftforge.common.ForgeHooks/]: Couldn't parse element loot_tables:mcore:blocks/steel_slab
com.google.gson.JsonSyntaxException: Expected name to be an item, was unknown string 'mcore:steel_slab'
	at net.minecraft.util.GsonHelper.m_13866_(GsonHelper.java:145) ~[server-1.20.1-20230612.114412-srg.jar%23437!/:?]
	at java.util.Optional.orElseThrow(Optional.java:403) ~[?:?]
	at net.minecraft.util.GsonHelper.m_13874_(GsonHelper.java:145) ~[server-1.20.1-20230612.114412-srg.jar%23437!/:?]
	at net.minecraft.util.GsonHelper.m_13909_(GsonHelper.java:153) ~[server-1.20.1-20230612.114412-srg.jar%23437!/:?]
	at net.minecraft.world.level.storage.loot.entries.LootItem$Serializer.m_7267_(LootItem.java:55) ~[server-1.20.1-20230612.114412-srg.jar%23437!/:?]
	at net.minecraft.world.level.storage.loot.entries.LootItem$Serializer.m_7267_(LootItem.java:40) ~[server-1.20.1-20230612.114412-srg.jar%23437!/:?]
	at net.minecraft.world.level.storage.loot.entries.LootPoolSingletonContainer$Serializer.m_5921_(LootPoolSingletonContainer.java:151) ~[server-1.20.1-20230612.114412-srg.jar%23437!/:?]
	at net.minecraft.world.level.storage.loot.entries.LootPoolSingletonContainer$Serializer.m_5921_(LootPoolSingletonContainer.java:129) ~[server-1.20.1-20230612.114412-srg.jar%23437!/:?]
	at net.minecraft.world.level.storage.loot.entries.LootPoolEntryContainer$Serializer.m_7561_(LootPoolEntryContainer.java:86) ~[server-1.20.1-20230612.114412-srg.jar%23437!/:?]
	at net.minecraft.world.level.storage.loot.entries.LootPoolEntryContainer$Serializer.m_7561_(LootPoolEntryContainer.java:74) ~[server-1.20.1-20230612.114412-srg.jar%23437!/:?]
	at net.minecraft.world.level.storage.loot.GsonAdapterFactory$JsonAdapter.deserialize(GsonAdapterFactory.java:102) ~[server-1.20.1-20230612.114412-srg.jar%23437!/:?]
	at com.google.gson.internal.bind.TreeTypeAdapter.read(TreeTypeAdapter.java:76) ~[gson-2.10.jar%2372!/:?]
	at com.google.gson.internal.bind.TypeAdapterRuntimeTypeWrapper.read(TypeAdapterRuntimeTypeWrapper.java:40) ~[gson-2.10.jar%2372!/:?]
	at com.google.gson.internal.bind.ArrayTypeAdapter.read(ArrayTypeAdapter.java:72) ~[gson-2.10.jar%2372!/:?]
	at com.google.gson.Gson.fromJson(Gson.java:1214) ~[gson-2.10.jar%2372!/:?]
	at com.google.gson.Gson.fromJson(Gson.java:1319) ~[gson-2.10.jar%2372!/:?]
	at com.google.gson.Gson.fromJson(Gson.java:1290) ~[gson-2.10.jar%2372!/:?]
	at com.google.gson.internal.bind.TreeTypeAdapter$GsonContextImpl.deserialize(TreeTypeAdapter.java:179) ~[gson-2.10.jar%2372!/:?]
	at net.minecraft.util.GsonHelper.m_13808_(GsonHelper.java:463) ~[server-1.20.1-20230612.114412-srg.jar%23437!/:?]
	at net.minecraft.util.GsonHelper.m_13836_(GsonHelper.java:471) ~[server-1.20.1-20230612.114412-srg.jar%23437!/:?]
	at net.minecraft.world.level.storage.loot.LootPool$Serializer.deserialize(LootPool.java:192) ~[server-1.20.1-20230612.114412-srg.jar%23437!/:?]
	at net.minecraft.world.level.storage.loot.LootPool$Serializer.deserialize(LootPool.java:189) ~[server-1.20.1-20230612.114412-srg.jar%23437!/:?]
	at com.google.gson.internal.bind.TreeTypeAdapter.read(TreeTypeAdapter.java:76) ~[gson-2.10.jar%2372!/:?]
	at com.google.gson.internal.bind.TypeAdapterRuntimeTypeWrapper.read(TypeAdapterRuntimeTypeWrapper.java:40) ~[gson-2.10.jar%2372!/:?]
	at com.google.gson.internal.bind.ArrayTypeAdapter.read(ArrayTypeAdapter.java:72) ~[gson-2.10.jar%2372!/:?]
	at com.google.gson.Gson.fromJson(Gson.java:1214) ~[gson-2.10.jar%2372!/:?]
	at com.google.gson.Gson.fromJson(Gson.java:1319) ~[gson-2.10.jar%2372!/:?]
	at com.google.gson.Gson.fromJson(Gson.java:1290) ~[gson-2.10.jar%2372!/:?]
	at com.google.gson.internal.bind.TreeTypeAdapter$GsonContextImpl.deserialize(TreeTypeAdapter.java:179) ~[gson-2.10.jar%2372!/:?]
	at net.minecraft.util.GsonHelper.m_13808_(GsonHelper.java:463) ~[server-1.20.1-20230612.114412-srg.jar%23437!/:?]
	at net.minecraft.util.GsonHelper.m_13845_(GsonHelper.java:481) ~[server-1.20.1-20230612.114412-srg.jar%23437!/:?]
	at net.minecraft.world.level.storage.loot.LootTable$Serializer.deserialize(LootTable.java:294) ~[server-1.20.1-20230612.114412-srg.jar%23437!/:?]
	at net.minecraft.world.level.storage.loot.LootTable$Serializer.deserialize(LootTable.java:291) ~[server-1.20.1-20230612.114412-srg.jar%23437!/:?]
	at com.google.gson.internal.bind.TreeTypeAdapter.read(TreeTypeAdapter.java:76) ~[gson-2.10.jar%2372!/:?]
	at com.google.gson.Gson.fromJson(Gson.java:1214) ~[gson-2.10.jar%2372!/:?]
	at com.google.gson.Gson.fromJson(Gson.java:1319) ~[gson-2.10.jar%2372!/:?]
	at com.google.gson.Gson.fromJson(Gson.java:1261) ~[gson-2.10.jar%2372!/:?]
	at net.minecraftforge.common.ForgeHooks.loadLootTable(ForgeHooks.java:871) ~[forge-1.20.1-47.3.0-universal.jar%23442!/:?]
	at net.minecraftforge.common.ForgeHooks.lambda$getLootTableDeserializer$3(ForgeHooks.java:848) ~[forge-1.20.1-47.3.0-universal.jar%23442!/:?]
	at net.minecraft.world.level.storage.loot.LootDataType.deserialize(LootDataType.java:45) ~[server-1.20.1-20230612.114412-srg.jar%23437!/:?]
	at net.minecraft.world.level.storage.loot.LootDataManager.lambda$scheduleElementParse$4(LootDataManager.java:56) ~[server-1.20.1-20230612.114412-srg.jar%23437!/:?]
	at java.util.HashMap.forEach(HashMap.java:1421) ~[?:?]
	at net.minecraft.world.level.storage.loot.LootDataManager.m_278660_(LootDataManager.java:55) ~[server-1.20.1-20230612.114412-srg.jar%23437!/:?]
	at java.util.concurrent.CompletableFuture$AsyncRun.run(CompletableFuture.java:1804) ~[?:?]
	at java.util.concurrent.CompletableFuture$AsyncRun.exec(CompletableFuture.java:1796) ~[?:?]
	at java.util.concurrent.ForkJoinTask.doExec(ForkJoinTask.java:373) ~[?:?]
	at java.util.concurrent.ForkJoinPool$WorkQueue.topLevelExec(ForkJoinPool.java:1182) ~[?:?]
	at java.util.concurrent.ForkJoinPool.scan(ForkJoinPool.java:1655) ~[?:?]
	at java.util.concurrent.ForkJoinPool.runWorker(ForkJoinPool.java:1622) ~[?:?]
	at java.util.concurrent.ForkJoinWorkerThread.run(ForkJoinWorkerThread.java:165) ~[?:?]
[21Jan2025 05:09:25.846] [Worker-Main-4/ERROR] [net.minecraftforge.common.ForgeHooks/]: Couldn't parse element loot_tables:mcore:blocks/titanium_stairs
com.google.gson.JsonSyntaxException: Expected name to be an item, was unknown string 'mcore:titanium_stairs'
	at net.minecraft.util.GsonHelper.m_13866_(GsonHelper.java:145) ~[server-1.20.1-20230612.114412-srg.jar%23437!/:?]
	at java.util.Optional.orElseThrow(Optional.java:403) ~[?:?]
	at net.minecraft.util.GsonHelper.m_13874_(GsonHelper.java:145) ~[server-1.20.1-20230612.114412-srg.jar%23437!/:?]
	at net.minecraft.util.GsonHelper.m_13909_(GsonHelper.java:153) ~[server-1.20.1-20230612.114412-srg.jar%23437!/:?]
	at net.minecraft.world.level.storage.loot.entries.LootItem$Serializer.m_7267_(LootItem.java:55) ~[server-1.20.1-20230612.114412-srg.jar%23437!/:?]
	at net.minecraft.world.level.storage.loot.entries.LootItem$Serializer.m_7267_(LootItem.java:40) ~[server-1.20.1-20230612.114412-srg.jar%23437!/:?]
	at net.minecraft.world.level.storage.loot.entries.LootPoolSingletonContainer$Serializer.m_5921_(LootPoolSingletonContainer.java:151) ~[server-1.20.1-20230612.114412-srg.jar%23437!/:?]
	at net.minecraft.world.level.storage.loot.entries.LootPoolSingletonContainer$Serializer.m_5921_(LootPoolSingletonContainer.java:129) ~[server-1.20.1-20230612.114412-srg.jar%23437!/:?]
	at net.minecraft.world.level.storage.loot.entries.LootPoolEntryContainer$Serializer.m_7561_(LootPoolEntryContainer.java:86) ~[server-1.20.1-20230612.114412-srg.jar%23437!/:?]
	at net.minecraft.world.level.storage.loot.entries.LootPoolEntryContainer$Serializer.m_7561_(LootPoolEntryContainer.java:74) ~[server-1.20.1-20230612.114412-srg.jar%23437!/:?]
	at net.minecraft.world.level.storage.loot.GsonAdapterFactory$JsonAdapter.deserialize(GsonAdapterFactory.java:102) ~[server-1.20.1-20230612.114412-srg.jar%23437!/:?]
	at com.google.gson.internal.bind.TreeTypeAdapter.read(TreeTypeAdapter.java:76) ~[gson-2.10.jar%2372!/:?]
	at com.google.gson.internal.bind.TypeAdapterRuntimeTypeWrapper.read(TypeAdapterRuntimeTypeWrapper.java:40) ~[gson-2.10.jar%2372!/:?]
	at com.google.gson.internal.bind.ArrayTypeAdapter.read(ArrayTypeAdapter.java:72) ~[gson-2.10.jar%2372!/:?]
	at com.google.gson.Gson.fromJson(Gson.java:1214) ~[gson-2.10.jar%2372!/:?]
	at com.google.gson.Gson.fromJson(Gson.java:1319) ~[gson-2.10.jar%2372!/:?]
	at com.google.gson.Gson.fromJson(Gson.java:1290) ~[gson-2.10.jar%2372!/:?]
	at com.google.gson.internal.bind.TreeTypeAdapter$GsonContextImpl.deserialize(TreeTypeAdapter.java:179) ~[gson-2.10.jar%2372!/:?]
	at net.minecraft.util.GsonHelper.m_13808_(GsonHelper.java:463) ~[server-1.20.1-20230612.114412-srg.jar%23437!/:?]
	at net.minecraft.util.GsonHelper.m_13836_(GsonHelper.java:471) ~[server-1.20.1-20230612.114412-srg.jar%23437!/:?]
	at net.minecraft.world.level.storage.loot.LootPool$Serializer.deserialize(LootPool.java:192) ~[server-1.20.1-20230612.114412-srg.jar%23437!/:?]
	at net.minecraft.world.level.storage.loot.LootPool$Serializer.deserialize(LootPool.java:189) ~[server-1.20.1-20230612.114412-srg.jar%23437!/:?]
	at com.google.gson.internal.bind.TreeTypeAdapter.read(TreeTypeAdapter.java:76) ~[gson-2.10.jar%2372!/:?]
	at com.google.gson.internal.bind.TypeAdapterRuntimeTypeWrapper.read(TypeAdapterRuntimeTypeWrapper.java:40) ~[gson-2.10.jar%2372!/:?]
	at com.google.gson.internal.bind.ArrayTypeAdapter.read(ArrayTypeAdapter.java:72) ~[gson-2.10.jar%2372!/:?]
	at com.google.gson.Gson.fromJson(Gson.java:1214) ~[gson-2.10.jar%2372!/:?]
	at com.google.gson.Gson.fromJson(Gson.java:1319) ~[gson-2.10.jar%2372!/:?]
	at com.google.gson.Gson.fromJson(Gson.java:1290) ~[gson-2.10.jar%2372!/:?]
	at com.google.gson.internal.bind.TreeTypeAdapter$GsonContextImpl.deserialize(TreeTypeAdapter.java:179) ~[gson-2.10.jar%2372!/:?]
	at net.minecraft.util.GsonHelper.m_13808_(GsonHelper.java:463) ~[server-1.20.1-20230612.114412-srg.jar%23437!/:?]
	at net.minecraft.util.GsonHelper.m_13845_(GsonHelper.java:481) ~[server-1.20.1-20230612.114412-srg.jar%23437!/:?]
	at net.minecraft.world.level.storage.loot.LootTable$Serializer.deserialize(LootTable.java:294) ~[server-1.20.1-20230612.114412-srg.jar%23437!/:?]
	at net.minecraft.world.level.storage.loot.LootTable$Serializer.deserialize(LootTable.java:291) ~[server-1.20.1-20230612.114412-srg.jar%23437!/:?]
	at com.google.gson.internal.bind.TreeTypeAdapter.read(TreeTypeAdapter.java:76) ~[gson-2.10.jar%2372!/:?]
	at com.google.gson.Gson.fromJson(Gson.java:1214) ~[gson-2.10.jar%2372!/:?]
	at com.google.gson.Gson.fromJson(Gson.java:1319) ~[gson-2.10.jar%2372!/:?]
	at com.google.gson.Gson.fromJson(Gson.java:1261) ~[gson-2.10.jar%2372!/:?]
	at net.minecraftforge.common.ForgeHooks.loadLootTable(ForgeHooks.java:871) ~[forge-1.20.1-47.3.0-universal.jar%23442!/:?]
	at net.minecraftforge.common.ForgeHooks.lambda$getLootTableDeserializer$3(ForgeHooks.java:848) ~[forge-1.20.1-47.3.0-universal.jar%23442!/:?]
	at net.minecraft.world.level.storage.loot.LootDataType.deserialize(LootDataType.java:45) ~[server-1.20.1-20230612.114412-srg.jar%23437!/:?]
	at net.minecraft.world.level.storage.loot.LootDataManager.lambda$scheduleElementParse$4(LootDataManager.java:56) ~[server-1.20.1-20230612.114412-srg.jar%23437!/:?]
	at java.util.HashMap.forEach(HashMap.java:1421) ~[?:?]
	at net.minecraft.world.level.storage.loot.LootDataManager.m_278660_(LootDataManager.java:55) ~[server-1.20.1-20230612.114412-srg.jar%23437!/:?]
	at java.util.concurrent.CompletableFuture$AsyncRun.run(CompletableFuture.java:1804) ~[?:?]
	at java.util.concurrent.CompletableFuture$AsyncRun.exec(CompletableFuture.java:1796) ~[?:?]
	at java.util.concurrent.ForkJoinTask.doExec(ForkJoinTask.java:373) ~[?:?]
	at java.util.concurrent.ForkJoinPool$WorkQueue.topLevelExec(ForkJoinPool.java:1182) ~[?:?]
	at java.util.concurrent.ForkJoinPool.scan(ForkJoinPool.java:1655) ~[?:?]
	at java.util.concurrent.ForkJoinPool.runWorker(ForkJoinPool.java:1622) ~[?:?]
	at java.util.concurrent.ForkJoinWorkerThread.run(ForkJoinWorkerThread.java:165) ~[?:?]
[21Jan2025 05:09:26.103] [main/INFO] [KubeJS Server/]: Processing recipes...
[21Jan2025 05:09:26.119] [main/WARN] [KubeJS Server/]: Failed to parse recipe 'the_deep_void:lavendite_devourer_hook_recipe[minecraft:smithing_transform]'! Falling back to vanilla: Ingredient 'template' can't be empty!
[21Jan2025 05:09:26.126] [main/WARN] [KubeJS Server/]: Failed to parse recipe 'psg:modprova[minecraft:crafting_shapeless]'! Falling back to vanilla: ItemStack 'result' can't be empty!
[21Jan2025 05:09:26.127] [main/WARN] [KubeJS Server/]: Failed to parse recipe 'the_deep_void:bismuth_netherite_sword_recipe[minecraft:smithing_transform]'! Falling back to vanilla: Ingredient 'template' can't be empty!
[21Jan2025 05:09:26.142] [main/WARN] [KubeJS Server/]: Failed to parse recipe 'the_deep_void:lavendite_onyx_sword[minecraft:smithing_transform]'! Falling back to vanilla: Ingredient 'template' can't be empty!
[21Jan2025 05:09:26.152] [main/WARN] [KubeJS Server/]: Failed to parse recipe 'psg:quarkrecipe_2[minecraft:crafting_shapeless]'! Falling back to vanilla: ItemStack 'result' can't be empty!
[21Jan2025 05:09:26.156] [main/WARN] [KubeJS Server/]: Failed to parse recipe 'the_deep_void:lavendite_netherite_sword[minecraft:smithing_transform]'! Falling back to vanilla: Ingredient 'template' can't be empty!
[21Jan2025 05:09:26.193] [main/WARN] [KubeJS Server/]: Failed to parse recipe 'the_deep_void:bismuth_netherite_helmet[minecraft:smithing_transform]'! Falling back to vanilla: Ingredient 'template' can't be empty!
[21Jan2025 05:09:26.201] [main/WARN] [KubeJS Server/]: Failed to parse recipe 'the_deep_void:lavendite_golden_sword[minecraft:smithing_transform]'! Falling back to vanilla: Ingredient 'template' can't be empty!
[21Jan2025 05:09:26.203] [main/WARN] [KubeJS Server/]: Failed to parse recipe 'the_deep_void:bismuth_netherite_pickaxe_recipe[minecraft:smithing_transform]'! Falling back to vanilla: Ingredient 'template' can't be empty!
[21Jan2025 05:09:26.203] [main/WARN] [KubeJS Server/]: Failed to parse recipe 'the_deep_void:rotten_netherite_sword[minecraft:smithing_transform]'! Falling back to vanilla: Ingredient 'template' can't be empty!
[21Jan2025 05:09:26.205] [main/WARN] [KubeJS Server/]: Failed to parse recipe 'the_deep_void:bismuth_netherite_leggings[minecraft:smithing_transform]'! Falling back to vanilla: Ingredient 'template' can't be empty!
[21Jan2025 05:09:26.206] [main/WARN] [KubeJS Server/]: Failed to parse recipe 'the_deep_void:lavendite_wooden_sword[minecraft:smithing_transform]'! Falling back to vanilla: Ingredient 'template' can't be empty!
[21Jan2025 05:09:26.207] [main/WARN] [KubeJS Server/]: Failed to parse recipe 'the_deep_void:bismuth_netherite_shovel_recipe[minecraft:smithing_transform]'! Falling back to vanilla: Ingredient 'template' can't be empty!
[21Jan2025 05:09:26.218] [main/WARN] [KubeJS Server/]: Failed to parse recipe 'the_deep_void:lavendite_shield[minecraft:smithing_transform]'! Falling back to vanilla: Ingredient 'template' can't be empty!
[21Jan2025 05:09:26.223] [main/WARN] [KubeJS Server/]: Failed to parse recipe 'the_deep_void:rotten_wooden_sword[minecraft:smithing_transform]'! Falling back to vanilla: Ingredient 'template' can't be empty!
[21Jan2025 05:09:26.226] [main/WARN] [KubeJS Server/]: Failed to parse recipe 'the_deep_void:bismuth_netherite_boots[minecraft:smithing_transform]'! Falling back to vanilla: Ingredient 'template' can't be empty!
[21Jan2025 05:09:26.231] [main/WARN] [KubeJS Server/]: Failed to parse recipe 'the_deep_void:bismuth_netherite_axe_recipe[minecraft:smithing_transform]'! Falling back to vanilla: Ingredient 'template' can't be empty!
[21Jan2025 05:09:26.235] [main/WARN] [KubeJS Server/]: Failed to parse recipe 'the_deep_void:rotten_iron_sword[minecraft:smithing_transform]'! Falling back to vanilla: Ingredient 'template' can't be empty!
[21Jan2025 05:09:26.238] [main/WARN] [KubeJS Server/]: Failed to parse recipe 'the_deep_void:lavendite_stone_sword[minecraft:smithing_transform]'! Falling back to vanilla: Ingredient 'template' can't be empty!
[21Jan2025 05:09:26.243] [main/WARN] [KubeJS Server/]: Failed to parse recipe 'the_deep_void:lavendite_diamond_sword[minecraft:smithing_transform]'! Falling back to vanilla: Ingredient 'template' can't be empty!
[21Jan2025 05:09:26.254] [main/WARN] [KubeJS Server/]: Failed to parse recipe 'the_deep_void:bismuth_netherite_hoe_recipe[minecraft:smithing_transform]'! Falling back to vanilla: Ingredient 'template' can't be empty!
[21Jan2025 05:09:26.257] [main/WARN] [KubeJS Server/]: Failed to parse recipe 'the_deep_void:lavendite_bone_sword[minecraft:smithing_transform]'! Falling back to vanilla: Ingredient 'template' can't be empty!
[21Jan2025 05:09:26.258] [main/WARN] [KubeJS Server/]: Failed to parse recipe 'the_deep_void:rotten_diamond_sword[minecraft:smithing_transform]'! Falling back to vanilla: Ingredient 'template' can't be empty!
[21Jan2025 05:09:26.260] [main/WARN] [KubeJS Server/]: Failed to parse recipe 'the_deep_void:rotten_golden_sword[minecraft:smithing_transform]'! Falling back to vanilla: Ingredient 'template' can't be empty!
[21Jan2025 05:09:26.262] [main/WARN] [KubeJS Server/]: Failed to parse recipe 'the_deep_void:bismuth_netherite_chestplate[minecraft:smithing_transform]'! Falling back to vanilla: Ingredient 'template' can't be empty!
[21Jan2025 05:09:26.269] [main/WARN] [KubeJS Server/]: Failed to parse recipe 'the_deep_void:rotten_tongue_hook[minecraft:smithing_transform]'! Falling back to vanilla: Ingredient 'template' can't be empty!
[21Jan2025 05:09:26.270] [main/WARN] [KubeJS Server/]: Failed to parse recipe 'the_deep_void:rotten_stone_sword[minecraft:smithing_transform]'! Falling back to vanilla: Ingredient 'template' can't be empty!
[21Jan2025 05:09:26.273] [main/WARN] [KubeJS Server/]: Failed to parse recipe 'the_deep_void:lavendite_iron_sword[minecraft:smithing_transform]'! Falling back to vanilla: Ingredient 'template' can't be empty!
[21Jan2025 05:09:26.283] [main/WARN] [KubeJS Server/]: Failed to parse recipe 'the_deep_void:void_vision_spyglass[minecraft:smithing_transform]'! Falling back to vanilla: Ingredient 'template' can't be empty!
[21Jan2025 05:09:26.291] [main/INFO] [KubeJS Server/]: Found 8951 recipes in 187.2 ms
[21Jan2025 05:09:26.292] [main/INFO] [KubeJS Server/]: cursedwalkingrecipechanges.js#2: CW Recipe Tweaks has fired.
[21Jan2025 05:09:26.300] [main/INFO] [KubeJS Server/]: itemRecipeBlacklist.js#59: immersive_weathering:iron_ingot_from_clean_block
[21Jan2025 05:09:26.300] [main/INFO] [KubeJS Server/]: itemRecipeBlacklist.js#59: immersive_weathering:iron_ingot_from_clean_block_blasting
[21Jan2025 05:09:26.300] [main/INFO] [KubeJS Server/]: itemRecipeBlacklist.js#59: immersive_weathering:iron_ingot_from_exposed_block
[21Jan2025 05:09:26.300] [main/INFO] [KubeJS Server/]: itemRecipeBlacklist.js#59: immersive_weathering:iron_ingot_from_exposed_block_blasting
[21Jan2025 05:09:26.300] [main/INFO] [KubeJS Server/]: itemRecipeBlacklist.js#59: immersive_weathering:iron_ingot_from_rusted_block
[21Jan2025 05:09:26.300] [main/INFO] [KubeJS Server/]: itemRecipeBlacklist.js#59: immersive_weathering:iron_ingot_from_rusted_block_blasting
[21Jan2025 05:09:26.300] [main/INFO] [KubeJS Server/]: itemRecipeBlacklist.js#59: immersive_weathering:iron_ingot_from_weathered_block
[21Jan2025 05:09:26.300] [main/INFO] [KubeJS Server/]: itemRecipeBlacklist.js#59: immersive_weathering:iron_ingot_from_weathered_block_blasting
[21Jan2025 05:09:26.674] [main/INFO] [KubeJS Server/]: Posted recipe events in 382.5 ms
[21Jan2025 05:09:26.782] [main/INFO] [KubeJS Server/]: Added 8 recipes, removed 30 recipes, modified 3 recipes, with 0 failed recipes in 104.0 ms
[21Jan2025 05:09:26.785] [main/INFO] [com.possible_triangle.sliceanddice.SliceAndDice/]: Injecting recipes
[21Jan2025 05:09:27.050] [main/ERROR] [net.minecraft.advancements.AdvancementList/]: Couldn't load advancement money:moneymakesmefunny: Task Advancement{parentId=money:moneymakesmefunny, display=net.minecraft.advancements.DisplayInfo@14828dbf, rewards=AdvancementRewards{experience=69, loot=[], recipes=[], function=net.minecraft.commands.CommandFunction$CacheableFunction@418f25f4}, criteria={moneymakesmefunny=net.minecraft.advancements.Criterion@128a7f13}, requirements=[[moneymakesmefunny]], sends_telemetry_event=false}
[21Jan2025 05:09:27.050] [main/INFO] [net.minecraft.advancements.AdvancementList/]: Loaded 7446 advancements
[21Jan2025 05:09:27.057] [main/INFO] [placebo/]: Registered 0 additional recipes.
[21Jan2025 05:09:27.082] [main/INFO] [top.theillusivec4.curios.Curios/]: Loaded 10 curio slots
[21Jan2025 05:09:27.091] [main/INFO] [top.theillusivec4.curios.Curios/]: Loaded 1 curio entities
[21Jan2025 05:09:27.106] [main/INFO] [placebo/]: Registered 0 gear_sets.
[21Jan2025 05:09:27.114] [main/INFO] [hordes/]: Loaded entity minecraft:zombie as entity.minecraft.zombie with weight 35, min day 0 and max day 20
[21Jan2025 05:09:27.114] [main/INFO] [hordes/]: Loaded entity minecraft:zombie_villager as entity.minecraft.zombie_villager with weight 1, min day 0 and max day 20
[21Jan2025 05:09:27.114] [main/INFO] [hordes/]: Loaded entity minecraft:zombie_horse as entity.minecraft.zombie_horse with weight 3, min day 20 and max day 40
[21Jan2025 05:09:27.114] [main/INFO] [hordes/]: Loaded entity minecraft:husk as entity.minecraft.husk with weight 40, min day 20 and max day 40
[21Jan2025 05:09:27.114] [main/INFO] [hordes/]: Loaded entity minecraft:drowned as entity.minecraft.drowned with weight 3, min day 30 and max day 40
[21Jan2025 05:09:27.115] [main/INFO] [hordes/]: Loaded entity minecraft:zoglin as entity.minecraft.zoglin with weight 3, min day 40 and max day 40
[21Jan2025 05:09:27.115] [main/INFO] [hordes/]: Loaded entity minecraft:zombified_piglin as entity.minecraft.zombified_piglin with weight 10, min day 40 and max day 0
[21Jan2025 05:09:27.115] [main/INFO] [hordes/]: Loaded entity minecraft:husk as entity.minecraft.husk with weight 25, min day 50 and max day 0
[21Jan2025 05:09:27.115] [main/INFO] [hordes/]: Loaded entity minecraft:zoglin as entity.minecraft.zoglin with weight 3, min day 50 and max day 0
[21Jan2025 05:09:27.115] [main/INFO] [hordes/]: Loaded entity minecraft:zombie_horse as entity.minecraft.zombie_horse with weight 3, min day 50 and max day 0
[21Jan2025 05:09:27.116] [main/INFO] [hordes/]: loaded horde table hordes:default
[21Jan2025 05:09:27.116] [main/INFO] [hordes/]: Loaded entity minecraft:drowned as entity.minecraft.drowned with weight 40, min day 0 and max day 20
[21Jan2025 05:09:27.116] [main/INFO] [hordes/]: Loaded entity minecraft:drowned as entity.minecraft.drowned with weight 3, min day 30 and max day 40
[21Jan2025 05:09:27.116] [main/INFO] [hordes/]: loaded horde table hordes:drowned
[21Jan2025 05:09:27.116] [main/INFO] [hordes/]: Loaded entity minecraft:zombie as entity.minecraft.zombie with weight 20, min day 0 and max day 20
[21Jan2025 05:09:27.116] [main/INFO] [hordes/]: Loaded entity minecraft:skeleton as entity.minecraft.skeleton with weight 10, min day 20 and max day 30
[21Jan2025 05:09:27.117] [main/INFO] [hordes/]: Loaded entity minecraft:spider as entity.minecraft.spider with weight 15, min day 20 and max day 30
[21Jan2025 05:09:27.117] [main/INFO] [hordes/]: Loaded entity minecraft:creeper as entity.minecraft.creeper with weight 5, min day 30 and max day 30
[21Jan2025 05:09:27.117] [main/INFO] [hordes/]: Loaded entity minecraft:husk as entity.minecraft.husk with weight 20, min day 30 and max day 50
[21Jan2025 05:09:27.117] [main/INFO] [hordes/]: Loaded entity minecraft:stray as entity.minecraft.stray with weight 10, min day 40 and max day 50
[21Jan2025 05:09:27.117] [main/INFO] [hordes/]: Loaded entity minecraft:cave_spider as entity.minecraft.cave_spider with weight 10, min day 40 and max day 50
[21Jan2025 05:09:27.118] [main/INFO] [hordes/]: Loaded entity minecraft:witch as entity.minecraft.witch with weight 5, min day 40 and max day 50
[21Jan2025 05:09:27.118] [main/INFO] [hordes/]: Loaded entity minecraft:pillager as entity.minecraft.pillager with weight 10, min day 40 and max day 50
[21Jan2025 05:09:27.118] [main/INFO] [hordes/]: Loaded entity minecraft:zombified_piglin as entity.minecraft.zombified_piglin with weight 10, min day 40 and max day 50
[21Jan2025 05:09:27.118] [main/INFO] [hordes/]: Loaded entity minecraft:zombie_horse as entity.minecraft.zombie_horse with weight 3, min day 40 and max day 50
[21Jan2025 05:09:27.118] [main/INFO] [hordes/]: Loaded entity minecraft:wither_skeleton as entity.minecraft.wither_skeleton with weight 10, min day 50 and max day 0
[21Jan2025 05:09:27.118] [main/INFO] [hordes/]: Loaded entity minecraft:phantom as entity.minecraft.phantom with weight 5, min day 50 and max day 50
[21Jan2025 05:09:27.119] [main/INFO] [hordes/]: Loaded entity minecraft:vindicator as entity.minecraft.vindicator with weight 10, min day 50 and max day 50
[21Jan2025 05:09:27.119] [main/INFO] [hordes/]: Loaded entity minecraft:zoglin as entity.minecraft.zoglin with weight 5, min day 40 and max day 40
[21Jan2025 05:09:27.119] [main/INFO] [hordes/]: Loaded entity minecraft:ravager as entity.minecraft.ravager with weight 5, min day 50 and max day 50
[21Jan2025 05:09:27.119] [main/INFO] [hordes/]: Loaded entity minecraft:evoker as entity.minecraft.evoker with weight 5, min day 50 and max day 50
[21Jan2025 05:09:27.119] [main/INFO] [hordes/]: Loaded entity minecraft:piglin_brute as entity.minecraft.piglin_brute with weight 10, min day 60 and max day 0
[21Jan2025 05:09:27.119] [main/INFO] [hordes/]: Loaded entity minecraft:cave_spider as entity.minecraft.cave_spider with weight 15, min day 60 and max day 0
[21Jan2025 05:09:27.120] [main/INFO] [hordes/]: Loaded entity minecraft:zombie_horse as entity.minecraft.zombie_horse with weight 5, min day 60 and max day 0
[21Jan2025 05:09:27.120] [main/INFO] [hordes/]: Loaded entity minecraft:ravager as entity.minecraft.ravager with weight 3, min day 60 and max day 0
[21Jan2025 05:09:27.120] [main/INFO] [hordes/]: Loaded entity minecraft:phantom as entity.minecraft.phantom with weight 3, min day 60 and max day 0
[21Jan2025 05:09:27.120] [main/INFO] [hordes/]: loaded horde table hordes:mixed_mobs
[21Jan2025 05:09:27.120] [main/INFO] [hordes/]: Loaded entity minecraft:pillager as entity.minecraft.pillager with weight 15, min day 0 and max day 0
[21Jan2025 05:09:27.120] [main/INFO] [hordes/]: Loaded entity minecraft:vindicator as entity.minecraft.vindicator with weight 10, min day 0 and max day 0
[21Jan2025 05:09:27.121] [main/INFO] [hordes/]: Loaded entity minecraft:witch as entity.minecraft.witch with weight 5, min day 20 and max day 0
[21Jan2025 05:09:27.121] [main/INFO] [hordes/]: Loaded entity minecraft:ravager as entity.minecraft.ravager with weight 5, min day 30 and max day 40
[21Jan2025 05:09:27.121] [main/INFO] [hordes/]: Loaded entity minecraft:evoker as entity.minecraft.evoker with weight 3, min day 40 and max day 40
[21Jan2025 05:09:27.121] [main/INFO] [hordes/]: Loaded entity minecraft:illusioner as entity.minecraft.illusioner with weight 5, min day 50 and max day 0
[21Jan2025 05:09:27.121] [main/INFO] [hordes/]: Loaded entity minecraft:ravager as entity.minecraft.ravager with weight 3, min day 50 and max day 0
[21Jan2025 05:09:27.121] [main/INFO] [hordes/]: Loaded entity minecraft:ravager as entity.minecraft.ravager with weight 5, min day 50 and max day 0
[21Jan2025 05:09:27.122] [main/INFO] [hordes/]: loaded horde table hordes:illagers
[21Jan2025 05:09:27.122] [main/INFO] [hordes/]: Loaded entity minecraft:skeleton as entity.minecraft.skeleton with weight 10, min day 0 and max day 20
[21Jan2025 05:09:27.122] [main/INFO] [hordes/]: Loaded entity minecraft:skeleton as entity.minecraft.skeleton with weight 20, min day 0 and max day 30
[21Jan2025 05:09:27.122] [main/INFO] [hordes/]: Loaded entity minecraft:skeleton_horse as entity.minecraft.skeleton_horse with weight 5, min day 20 and max day 50
[21Jan2025 05:09:27.122] [main/INFO] [hordes/]: Loaded entity minecraft:stray as entity.minecraft.stray with weight 10, min day 20 and max day 0
[21Jan2025 05:09:27.122] [main/INFO] [hordes/]: Loaded entity minecraft:wither_skeleton as entity.minecraft.wither_skeleton with weight 10, min day 40 and max day 0
[21Jan2025 05:09:27.123] [main/INFO] [hordes/]: Loaded entity minecraft:skeleton_horse as entity.minecraft.skeleton_horse with weight 5, min day 40 and max day 0
[21Jan2025 05:09:27.123] [main/INFO] [hordes/]: loaded horde table hordes:skeletons
[21Jan2025 05:09:27.123] [main/INFO] [hordes/]: Loaded entity minecraft:zombie as entity.minecraft.zombie with weight 30, min day 0 and max day 0
[21Jan2025 05:09:27.123] [main/INFO] [hordes/]: loaded horde table hordes:fallback
[21Jan2025 05:09:27.127] [main/INFO] [hordes/]: loaded horde script hordes:default
[21Jan2025 05:09:27.127] [main/INFO] [hordes/]: Loading conversion tables
[21Jan2025 05:09:27.127] [main/INFO] [hordes/]: Loading conversion table hordes:infection_conversions
[21Jan2025 05:09:27.129] [main/INFO] [hordes/]: Loaded conversion entity.minecraft.horse to entity.minecraft.zombie_horse with chance of 0.65
[21Jan2025 05:09:27.129] [main/INFO] [hordes/]: Loaded conversion entity.minecraft.piglin to entity.minecraft.zombified_piglin with chance of 0.75
[21Jan2025 05:09:27.130] [main/INFO] [hordes/]: Loaded conversion entity.minecraft.piglin_brute to entity.minecraft.zombified_piglin{Attributes:[{Base:50.0f,Name:"generic.max_health"}],chat_name:"entity.hordes.ZombifiedPiglinBrute.name",texture:"hordes:textures/entity/zombified_piglin_brute.png"} with chance of 0.35
[21Jan2025 05:09:27.130] [main/INFO] [hordes/]: Loaded conversion entity.minecraft.hoglin to entity.minecraft.zoglin with chance of 0.15
[21Jan2025 05:09:27.130] [main/INFO] [hordes/]: Loaded conversion entity.minecraft.wandering_trader to entity.minecraft.zombie_villager{VillagerData:{type:"none"},chat_name:"entity.hordes.ZombieWanderingTrader.name",texture:"hordes:textures/entity/zombie_wandering_trader.png"} with chance of 0.75
[21Jan2025 05:09:27.131] [main/INFO] [hordes/]: Loaded conversion entity.minecraft.pillager to entity.minecraft.zombie_villager{Attributes:[{Base:24.0f,Name:"generic.max_health"}],VillagerData:{type:"none"},chat_name:"entity.hordes.ZombiePillager.name",texture:"hordes:textures/entity/zombie_pillager.png"} with chance of 0.75
[21Jan2025 05:09:27.131] [main/INFO] [hordes/]: Loaded conversion entity.minecraft.vindicator to entity.minecraft.zombie_villager{Attributes:[{Base:24.0f,Name:"generic.max_health"}],VillagerData:{type:"none"},chat_name:"entity.hordes.ZombieVindicator.name",texture:"hordes:textures/entity/zombie_vindicator.png"} with chance of 0.35
[21Jan2025 05:09:27.131] [main/INFO] [hordes/]: Loaded conversion entity.minecraft.evoker to entity.minecraft.zombie_villager{Attributes:[{Base:24.0f,Name:"generic.max_health"}],VillagerData:{type:"none"},chat_name:"entity.hordes.ZombieEvoker.name",texture:"hordes:textures/entity/zombie_evoker.png"} with chance of 0.5
[21Jan2025 05:09:27.131] [main/INFO] [hordes/]: Loaded conversion entity.minecraft.illusioner to entity.minecraft.zombie_villager{Attributes:[{Base:32.0f,Name:"generic.max_health"}],VillagerData:{type:"none"},chat_name:"entity.hordes.ZombieIllusioner.name",texture:"hordes:textures/entity/zombie_illusioner.png"} with chance of 0.15
[21Jan2025 05:09:27.132] [main/INFO] [hordes/]: Loaded conversion entity.minecraft.witch to entity.minecraft.zombie_villager{Attributes:[{Base:26.0f,Name:"generic.max_health"}],VillagerData:{type:"none"},chat_name:"entity.hordes.ZombieWitch.name",texture:"hordes:textures/entity/zombie_witch.png"} with chance of 0.25
[21Jan2025 05:09:27.132] [main/INFO] [hordes/]: Loading immunity item list
[21Jan2025 05:09:27.132] [main/INFO] [hordes/]: Loading immunity item list hordes:immunity_items
[21Jan2025 05:09:27.132] [main/INFO] [hordes/]: Loaded immunity item cure:vaccine with duration 350
[21Jan2025 05:09:27.133] [main/INFO] [hordes/]: Loading wearables protection list
[21Jan2025 05:09:27.133] [main/INFO] [hordes/]: Loading wearables protection list hordes:immune_wearables
[21Jan2025 05:09:27.134] [main/INFO] [insane96mcp.insanelib.InsaneLib/]: Reloading InsaneLib JsonFeature Json
[21Jan2025 05:09:27.614] [main/WARN] [net.minecraft.core.MappedRegistry/]: Not all defined tags for registry ResourceKey[minecraft:root / minecraft:worldgen/biome] are present in data pack: forsaken:has_structures/wells/pit/cobble
[21Jan2025 05:09:33.784] [main/INFO] [com.ordana.immersive_weathering.ImmersiveWeathering/]: Loaded 78 block growths configurations
[21Jan2025 05:09:33.788] [main/INFO] [com.ordana.immersive_weathering.ImmersiveWeathering/]: Loaded 14 liquid generators configurations
[21Jan2025 05:09:33.957] [Server thread/INFO] [net.minecraft.server.dedicated.DedicatedServer/]: Starting minecraft server version 1.20.1
[21Jan2025 05:09:33.958] [Server thread/INFO] [net.minecraft.server.dedicated.DedicatedServer/]: Loading properties
[21Jan2025 05:09:33.958] [Server thread/INFO] [net.minecraft.server.dedicated.DedicatedServer/]: Default game type: SURVIVAL
[21Jan2025 05:09:33.958] [Server thread/INFO] [net.minecraft.server.MinecraftServer/]: Generating keypair
[21Jan2025 05:09:34.055] [Server thread/INFO] [net.minecraft.server.dedicated.DedicatedServer/]: Starting Minecraft server on *:25565
[21Jan2025 05:09:34.075] [Server thread/INFO] [net.minecraft.server.network.ServerConnectionListener/]: Using epoll channel type
[21Jan2025 05:09:34.148] [Server thread/WARN] [net.minecraft.server.dedicated.DedicatedServer/]: **** SERVER IS RUNNING IN OFFLINE/INSECURE MODE!
[21Jan2025 05:09:34.149] [Server thread/WARN] [net.minecraft.server.dedicated.DedicatedServer/]: The server will make no attempt to authenticate usernames. Beware.
[21Jan2025 05:09:34.149] [Server thread/WARN] [net.minecraft.server.dedicated.DedicatedServer/]: While this makes the game possible to play without internet access, it also opens up the ability for hackers to connect with any username they choose.
[21Jan2025 05:09:34.150] [Server thread/WARN] [net.minecraft.server.dedicated.DedicatedServer/]: To change this, set "online-mode" to "true" in the server.properties file.
[21Jan2025 05:09:34.172] [Server thread/INFO] [Puzzles Lib/]: Loading server config for mutantmonsters
[21Jan2025 05:09:34.173] [Thread-5/INFO] [Puzzles Lib/]: Reloading server config for mutantmonsters
[21Jan2025 05:09:34.174] [Thread-5/INFO] [Puzzles Lib/]: Reloading server config for mutantmonsters
[21Jan2025 05:09:34.300] [Server thread/INFO] [FTB Teams/]: loaded team data: 6 known players, 6 teams total
[21Jan2025 05:09:34.355] [Server thread/INFO] [Framework/]: Loading server configs...
[21Jan2025 05:09:34.394] [Server thread/INFO] [net.minecraft.server.dedicated.DedicatedServer/]: Preparing level "world"
[21Jan2025 05:09:34.460] [Server thread/WARN] [mixin/]: @Redirect conflict. Skipping securitycraft.mixins.json:camera.ChunkMapMixin->@Redirect::securitycraft$getCameraSectionPos(Lnet/minecraft/server/level/ServerPlayer;)Lnet/minecraft/core/SectionPos; with priority 1100, already redirected by railways-common.mixins.json:conductor_possession.ChunkMapMixin->@Redirect::securitycraft$getCameraSectionPos(Lnet/minecraft/server/level/ServerPlayer;)Lnet/minecraft/core/SectionPos; with priority 1200
[21Jan2025 05:09:35.331] [Server thread/INFO] [incontrol/]: Reading rules from areas.json
[21Jan2025 05:09:35.367] [Server thread/INFO] [incontrol/]: Reading rules from spawn.json
[21Jan2025 05:09:35.707] [Server thread/INFO] [incontrol/]: Reading rules from summonaid.json
[21Jan2025 05:09:35.720] [Server thread/INFO] [incontrol/]: Reading rules from loot.json
[21Jan2025 05:09:35.747] [Server thread/INFO] [incontrol/]: Reading rules from experience.json
[21Jan2025 05:09:35.765] [Server thread/INFO] [incontrol/]: Reading rules from phases.json
[21Jan2025 05:09:35.767] [Server thread/INFO] [incontrol/]: Reading rules from effects.json
[21Jan2025 05:09:35.773] [Server thread/INFO] [incontrol/]: Reading rules from breakevents.json
[21Jan2025 05:09:35.781] [Server thread/INFO] [incontrol/]: Reading rules from placeevents.json
[21Jan2025 05:09:35.782] [Server thread/INFO] [incontrol/]: Reading rules from rightclicks.json
[21Jan2025 05:09:35.783] [Server thread/INFO] [incontrol/]: Reading rules from leftclicks.json
[21Jan2025 05:09:35.787] [Server thread/INFO] [incontrol/]: Reading rules from spawner.json
[21Jan2025 05:09:35.806] [Server thread/INFO] [incontrol/]: Reading rules from events.json
[21Jan2025 05:09:41.462] [Server thread/INFO] [net.minecraft.server.MinecraftServer/]: Preparing start region for dimension minecraft:overworld
[21Jan2025 05:09:41.469] [Server thread/INFO] [KubeJS Server/]: Server resource reload complete!
[21Jan2025 05:09:49.863] [Worker-Main-3/INFO] [net.minecraft.server.level.progress.LoggerChunkProgressListener/]: Preparing spawn area: 0%
[21Jan2025 05:09:49.863] [Worker-Main-3/INFO] [net.minecraft.server.level.progress.LoggerChunkProgressListener/]: Preparing spawn area: 0%
[21Jan2025 05:09:49.864] [Worker-Main-3/INFO] [net.minecraft.server.level.progress.LoggerChunkProgressListener/]: Preparing spawn area: 0%
[21Jan2025 05:09:49.864] [Worker-Main-3/INFO] [net.minecraft.server.level.progress.LoggerChunkProgressListener/]: Preparing spawn area: 0%
[21Jan2025 05:09:49.865] [Worker-Main-13/INFO] [net.minecraft.server.level.progress.LoggerChunkProgressListener/]: Preparing spawn area: 0%
[21Jan2025 05:09:49.866] [Worker-Main-13/INFO] [net.minecraft.server.level.progress.LoggerChunkProgressListener/]: Preparing spawn area: 0%
[21Jan2025 05:09:49.866] [Worker-Main-13/INFO] [net.minecraft.server.level.progress.LoggerChunkProgressListener/]: Preparing spawn area: 0%
[21Jan2025 05:09:49.867] [Worker-Main-13/INFO] [net.minecraft.server.level.progress.LoggerChunkProgressListener/]: Preparing spawn area: 0%
[21Jan2025 05:09:49.867] [Worker-Main-13/INFO] [net.minecraft.server.level.progress.LoggerChunkProgressListener/]: Preparing spawn area: 0%
[21Jan2025 05:09:49.868] [Worker-Main-13/INFO] [net.minecraft.server.level.progress.LoggerChunkProgressListener/]: Preparing spawn area: 0%
[21Jan2025 05:09:49.869] [Worker-Main-13/INFO] [net.minecraft.server.level.progress.LoggerChunkProgressListener/]: Preparing spawn area: 0%
[21Jan2025 05:09:49.869] [Worker-Main-13/INFO] [net.minecraft.server.level.progress.LoggerChunkProgressListener/]: Preparing spawn area: 0%
[21Jan2025 05:09:49.869] [Worker-Main-13/INFO] [net.minecraft.server.level.progress.LoggerChunkProgressListener/]: Preparing spawn area: 0%
[21Jan2025 05:09:49.871] [Worker-Main-13/INFO] [net.minecraft.server.level.progress.LoggerChunkProgressListener/]: Preparing spawn area: 0%
[21Jan2025 05:09:49.872] [Worker-Main-3/INFO] [net.minecraft.server.level.progress.LoggerChunkProgressListener/]: Preparing spawn area: 0%
[21Jan2025 05:09:49.872] [Worker-Main-13/INFO] [net.minecraft.server.level.progress.LoggerChunkProgressListener/]: Preparing spawn area: 0%
[21Jan2025 05:09:49.873] [Worker-Main-9/INFO] [net.minecraft.server.level.progress.LoggerChunkProgressListener/]: Preparing spawn area: 0%
[21Jan2025 05:09:49.965] [Worker-Main-10/INFO] [net.minecraft.server.level.progress.LoggerChunkProgressListener/]: Preparing spawn area: 0%
[21Jan2025 05:09:50.465] [Worker-Main-3/INFO] [net.minecraft.server.level.progress.LoggerChunkProgressListener/]: Preparing spawn area: 17%
[21Jan2025 05:09:50.965] [Worker-Main-14/INFO] [net.minecraft.server.level.progress.LoggerChunkProgressListener/]: Preparing spawn area: 57%
[21Jan2025 05:09:51.420] [Server thread/INFO] [net.minecraft.server.level.progress.LoggerChunkProgressListener/]: Time elapsed: 9956 ms
[21Jan2025 05:09:51.420] [Server thread/INFO] [net.minecraft.server.dedicated.DedicatedServer/]: Done (17.261s)! For help, type "help"
[21Jan2025 05:09:51.488] [Server thread/INFO] [net.minecraftforge.server.permission.PermissionAPI/]: Successfully initialized permission handler forge:default_handler
[21Jan2025 05:09:51.496] [Server thread/INFO] [K-Turrets/]: Cobble unit ammo:
[21Jan2025 05:09:51.496] [Server thread/INFO] [K-Turrets/]: 
[21Jan2025 05:09:51.497] [Server thread/INFO] [K-Turrets/]: minecraft:cobblestone
[21Jan2025 05:09:51.497] [Server thread/INFO] [K-Turrets/]: minecraft:blackstone
[21Jan2025 05:09:51.497] [Server thread/INFO] [K-Turrets/]: minecraft:cobbled_deepslate
[21Jan2025 05:09:51.498] [Server thread/INFO] [K-Turrets/]: 
[21Jan2025 05:09:51.498] [Server thread/INFO] [K-Turrets/]: Bullet unit ammo 1:
[21Jan2025 05:09:51.498] [Server thread/INFO] [K-Turrets/]: 
[21Jan2025 05:09:51.498] [Server thread/INFO] [K-Turrets/]: minecraft:gold_nugget
[21Jan2025 05:09:51.498] [Server thread/INFO] [K-Turrets/]: 
[21Jan2025 05:09:51.498] [Server thread/INFO] [K-Turrets/]: Bullet unit ammo 2:
[21Jan2025 05:09:51.499] [Server thread/INFO] [K-Turrets/]: 
[21Jan2025 05:09:51.499] [Server thread/INFO] [K-Turrets/]: minecraft:iron_nugget
[21Jan2025 05:09:51.499] [Server thread/INFO] [K-Turrets/]: 
[21Jan2025 05:09:51.499] [Server thread/INFO] [K-Turrets/]: Brick unit ammo 1:
[21Jan2025 05:09:51.500] [Server thread/INFO] [K-Turrets/]: 
[21Jan2025 05:09:51.500] [Server thread/INFO] [K-Turrets/]: immersive_weathering:deepslate_brick
[21Jan2025 05:09:51.500] [Server thread/INFO] [K-Turrets/]: immersive_weathering:stone_brick
[21Jan2025 05:09:51.500] [Server thread/INFO] [K-Turrets/]: immersive_weathering:end_stone_brick
[21Jan2025 05:09:51.500] [Server thread/INFO] [K-Turrets/]: immersive_weathering:blackstone_brick
[21Jan2025 05:09:51.500] [Server thread/INFO] [K-Turrets/]: minecraft:brick
[21Jan2025 05:09:51.501] [Server thread/INFO] [K-Turrets/]: 
[21Jan2025 05:09:51.501] [Server thread/INFO] [K-Turrets/]: Brick unit ammo 2:
[21Jan2025 05:09:51.501] [Server thread/INFO] [K-Turrets/]: 
[21Jan2025 05:09:51.501] [Server thread/INFO] [K-Turrets/]: minecraft:nether_brick
[21Jan2025 05:09:51.501] [Server thread/INFO] [K-Turrets/]: 
[21Jan2025 05:09:51.502] [Server thread/INFO] [K-Turrets/]: Gauss unit ammo:
[21Jan2025 05:09:51.502] [Server thread/INFO] [K-Turrets/]: 
[21Jan2025 05:09:51.502] [Server thread/INFO] [K-Turrets/]: k_turrets:gauss_bullet
[21Jan2025 05:09:51.502] [Server thread/INFO] [K-Turrets/]: 
[21Jan2025 05:09:51.502] [Server thread/INFO] [K-Turrets/]: Fireball unit ammo:
[21Jan2025 05:09:51.502] [Server thread/INFO] [K-Turrets/]: 
[21Jan2025 05:09:51.503] [Server thread/INFO] [K-Turrets/]: k_turrets:explosive_powder
[21Jan2025 05:09:51.503] [Server thread/INFO] [K-Turrets/]: 
[21Jan2025 05:09:51.503] [Server thread/INFO] [K-Turrets/]: Arrow unit ammo:
[21Jan2025 05:09:51.503] [Server thread/INFO] [K-Turrets/]: 
[21Jan2025 05:09:51.503] [Server thread/INFO] [K-Turrets/]: minecraft:arrow
[21Jan2025 05:09:51.503] [Server thread/INFO] [K-Turrets/]: minecraft:spectral_arrow
[21Jan2025 05:09:51.504] [Server thread/INFO] [K-Turrets/]: minecraft:tipped_arrow
[21Jan2025 05:09:51.504] [Server thread/INFO] [K-Turrets/]: 
[21Jan2025 05:09:51.505] [Server thread/INFO] [com.cupboard.Cupboard/]: Loaded config for: forgivingworld.json
[21Jan2025 05:09:51.506] [Server thread/INFO] [com.cupboard.Cupboard/]: Loaded config for: betterfpsdist.json
[21Jan2025 05:09:51.507] [Server thread/INFO] [patchouli/]: Sending reload packet to clients
[21Jan2025 05:09:51.513] [Server thread/WARN] [voicechat/]: [voicechat] Running in offline mode - Voice chat encryption is not secure!
[21Jan2025 05:09:51.523] [VoiceChatServerThread/INFO] [voicechat/]: [voicechat] Voice chat server started at port 24454
[21Jan2025 05:11:53.680] [Server thread/WARN] [net.minecraft.network.syncher.SynchedEntityData/]: defineId called for: class net.minecraft.world.entity.player.Player from class tschipp.carryon.common.carry.CarryOnDataManager
[21Jan2025 05:11:53.802] [Server thread/INFO] [net.minecraft.server.players.PlayerList/]: CevITO69[/100.92.168.70:50652] logged in with entity id 77 at (189.07217420970235, 103.0, -411.16051433986274)
[21Jan2025 05:11:53.968] [Server thread/INFO] [net.minecraft.server.MinecraftServer/]: CevITO69 joined the game
[21Jan2025 05:11:54.058] [Server thread/INFO] [fallingtrees | Config/]: Sending common config 'fallingtrees:fallingtrees_common' to CevITO69
[21Jan2025 05:11:54.757] [Netty Epoll Server IO #2/INFO] [fallingtrees | Config/]: Received client config 'fallingtrees:fallingtrees_client' from CevITO69
[21Jan2025 05:11:55.932] [Server thread/INFO] [voicechat/]: [voicechat] Received secret request of CevITO69 (18)
[21Jan2025 05:11:55.937] [Server thread/INFO] [voicechat/]: [voicechat] Sent secret to CevITO69
[21Jan2025 05:11:55.971] [Server thread/WARN] [net.minecraft.server.MinecraftServer/]: Can't keep up! Is the server overloaded? Running 2191ms or 43 ticks behind
[21Jan2025 05:12:01.523] [VoiceChatPacketProcessingThread/INFO] [voicechat/]: [voicechat] Successfully authenticated player 0e063736-4042-3ab5-8465-5c899682ab16
[21Jan2025 05:12:02.516] [VoiceChatPacketProcessingThread/INFO] [voicechat/]: [voicechat] Successfully validated connection of player 0e063736-4042-3ab5-8465-5c899682ab16
[21Jan2025 05:12:02.520] [VoiceChatPacketProcessingThread/INFO] [voicechat/]: [voicechat] Player CevITO69 (0e063736-4042-3ab5-8465-5c899682ab16) successfully connected to voice chat
[21Jan2025 05:18:23.448] [Server thread/INFO] [net.minecraft.server.MinecraftServer/]: CevITO69 has made the advancement [Crops of the Wild]
